name,count
statistics,195441
統計,195430
statistics_survey_result,137842
統計調査結果,137842
white_paper and annual_report,122780
白書_年次報告,122766
5000012080001,89948
agriculture and forestry,87774
農業_林業,87774
白書_年次報告書等,60777
2000012010019,38887
security,32841
安全,32825
研究,29395
経済,28333
犯罪,26540
budgets and final_accounts and procurement,26419
予算_決算_調達関連情報,26419
education,24839
教育,24839
財政,23706
population and households,19774
人口_世帯,19774
labor,19330
労働,19330
disaster,18678
災害,18678
社会,18036
crime and justice,17765
犯罪と司法,17765
justice,17486
司法,17486
international,17397
国際,17397
通信 放送,16952
裁判,16856
法律,15799
government_except_elsewhere_classified,14752
公務_他に分類されるものを除く,14752
budgets and account_settlement,14496
予算及び決算の概要,14496
budgets,13702
予算,13702
environment,12545
環境,12545
食料,12492
医療,11585
福祉,10933
社会保障,10924
government_accountability and democracy,10710
政府の説明責任と民主主義,10710
fisheries,10192
漁業,10192
行政,9186
公務,8933
国家,8933
business and household and economy,8893
企業_家計_経済,8893
保健,8755
health,8139
健康,8139
エネルギー,8098
支出,7736
政治,7525
保険,7448
子育て支援,6883
交通,6751
希望を生み出す強い経済,6102
4000012080002,5964
geospatial,5720
地理空間,5720
産業,5119
高齢者,4987
農村,4970
land,4830
国土,4830
disaster_prevention_and_mitigation,4712
防災_減災関連情報,4712
家庭,4587
文化,4533
finance and contracts,4531
財政と契約,4531
地域,4497
medical and health_care_and_welfare,4477
医療_福祉,4477
調達,4341
construction,4115
建設業,4115
maps,3808
地図,3808
林業,3683
契約,3645
学校,3519
7000012060001,3467
スポーツ,3333
子供,3286
バリアフリー,3223
参加,3221
education and learning_support,3192
教育_学習支援業,3192
energy and environment,3127
エネルギーと環境,3127
家族,3046
特別会計,3001
ユニバーサルデザイン,2955
介護,2955
年金,2954
仕事,2952
成年後見,2952
活動,2952
老人,2952
一般会計,2932
政府関係機関,2827
information_disclosure,2792
情報公開,2792
水産業,2687
finance and insurance,2531
金融業_保険業,2531
夢をつむぐ子育て支援,2476
real estate and goods_rental_and_leasing,2470
不動産業_物品賃貸業,2470
scientific_research and professional_and_technical_services,2420
学術研究_専門_技術サービス業,2420
3000012080003,2384
地方行政,2367
製造,2342
工業,2235
evaluation_and_result,2186
評価結果等,2186
決算,2161
science and research,2127
科学と研究,2127
procurement,2105
調達情報,2105
climate,2086
気象,2086
損害賠償,2080
被害者,2079
自動車,2063
transportation and tourism,2051
人の移動_ツーリズムに関する情報,2051
道路,2033
事故,2028
航空,2028
鉄道,2027
manufacturing,2023
製造業,2023
取締,2022
海上,2022
警察,2022
companies,2013
企業,2013
商取引,1664
information_and_communications,1644
情報通信業,1644
services_not_elsewhere_classified,1634
サービス業_他に分類されないもの,1634
living-related_and_personal_services and amusement_services,1631
生活関連サービス業_娯楽業,1631
予算書,1584
補正予算,1573
予備費,1572
土地,1570
当初予算,1566
商業,1523
経費増額,1442
サービス,1424
accommodations and eating_and_drinking_services,1385
宿泊業_飲食サービス業,1385
子ども,1369
industries_unable_to_classify,1359
分類不能の産業,1359
決算書,1349
増減,1341
国税収納金整理資金,1335
企業活動,1296
物品,1288
債権,1282
建設,1276
補正1号,1275
財政法28条,1252
いじめ,1230
若者,1229
青少年,1229
ニート,1228
体力,1228
健全育成,1228
学力,1228
少年法,1228
引きこもり,1228
職業,1228
非行防止,1228
観測,1199
transport and postal_services,1146
運輸業_郵便業,1146
防災,1115
金融,1064
wholesale and retail_trade,1028
卸売業_小売業,1028
sightseeing,996
観光,996
organization and institution,990
組織_制度の概要,990
中小企業,982
鉱業,980
G空間,979
消防,969
白書,957
住宅,903
地理,899
国有財産,881
資源,821
social_mobility and welfare,815
社会的流動性と福祉,815
無償貸付,813
press_release,809
報道発表資料,809
紛争処理,800
計算書,791
説明書,785
補正2号,770
earth_observation,718
地球観測,718
世界,694
厚生労働,694
海外情勢報告,694
mining and quarrying_of_stone,672
鉱業_採石業_砂利採取業,672
暫定予算,666
公害,609
金融庁,597
農業,589
ガス,576
5000012060003,556
閣議決定,534
企業_会社情報,521
大会の円滑な準備及び運営,519
国庫債務負担行為,507
船舶,442
森林,438
動態,429
laws and regulations and notices,428
所管の法令_告示_通達等,428
政令,417
補正3号,412
潮位,409
知的財産,408
犯罪統計,400
小売,396
コンビニ,395
スーパー,395
百貨店,395
セキュリティ,350
出荷,341
在庫,341
生産,341
生産動態,341
セキュリティの万全と安全安心の確保,340
食育,332
地方,316
global_development,294
国際開発,294
障害者,278
council and working_group,278
審議会_研究会等,278
差別,274
オープンデータ,271
共生社会,269
自立支援,269
行政事業レビュー,269
大会を通じた新しい日本の創造,264
証券取引等,258
財務書類,250
金属プレス,242
金属熱処理,242
イノベーション,228
センサス,217
国際開発_援助,215
conpound_services,214
electricity and gas and heat_supply and water,214
複合サービス事業,214
電気_ガス_熱供給_水道業,214
研究開発,213
 Statistics,212
industry,212
民間企業,210
企業編,209
暫定補正予算,205
石油の備蓄の確保等に関する法律,201
海外,198
交通事故統計,198
世帯構成員編,196
まちづくり,191
電子商取引,189
EC,185
EC市場調査,181
情報処理実態調査,181
電子商取引実態調査,181
elections,167
選挙結果,167
見通し,166
四半期,164
実績,164
ネットワーク,163
首都圏,161
首都圏整備法,161
首都圏整備計画,161
歳入繰り入れ,161
決算調整資金,161
ため池,157
世帯編,155
通信,148
子育て,138
税制,134
補正4号,132
条約,130
 災害,130
サイバー犯罪,128
生活,125
女性,125
雇用,123
ひとり親,121
母子家庭,121
M字カーブ,119
code,116
コード,116
放送,115
工事,114
特許,108
児童,107
家電,106
商標,106
意匠,106
実用新案,105
家電量販店,101
量販店,101
旅客県間流動調査,101
パンフレット,101
ガイドライン,100
修正書,96
地球温暖化,95
特別支援教育,94
修正,93
正誤表,93
会計検査院,92
厚生省,92
商工省,92
国会,92
外務省,92
大蔵省,92
文部省,92
皇室費,92
裁判所,92
農林省,92
通信省,92
運輸省,92
生物多様性,91
緊急,91
気候変動,90
カメラ,90
 国際開発援助,90
入札,88
事例集,87
利活用,85
予算執行,84
学校施設,84
 仕様,82
 報告書,82
 実装,82
 実証実験,82
 成果,82
application_and_notification_procedure,80
申請_届出等の手続,80
公益法人,76
人口,73
東日本大震災,71
水道,70
落札,70
競争,70
平成23年度,70
平成21年度,67
補正5号,67
9000012040001,67
生態系サービス,65
委員会,65
実態調査,65
火災,64
公開プロセス,62
立法,62
遺族,61
平成元年度,61
IoT,60
安心につながる社会保障,60
平成6年度,60
法律経済,59
持株会社,59
支援,59
 コア_バックボーン,59
 ネットワーク制御技術,59
監視,58
平成2年度,58
リサイクル,57
純持,57
平成24年度,57
昭和22年度,57
保護,57
刑事,57
補償,57
 調達,57
通信_放送,56
河川情報,56
平成5年度,56
地方自治体,55
アジア,55
昭和52年度,53
地方公共団体,52
CO2,52
一億総活躍社会の実現,52
平成10年度,51
一億総活躍,51
介護離職,51
委託費,50
昭和62年度,50
内務省,50
内閣,50
参照書,50
司法省,50
補正10号,50
補正11号,50
補正12号,50
補正14号,50
補正15号,50
補正6号,50
補正7号,50
補正8号,50
補正9号,50
外交政策,50
平成7年度,49
平成4年度,49
税制パンフレット,49
バイオマス,48
財政法26条,48
平成3年度,48
昭和63年度,48
昭和23年度,48
温室効果ガス,47
計画,47
委託調査,47
昭和51年度,46
昭和45年度,46
会社情報,45
平成13年度,45
昭和48年度,45
昭和47年度,45
少子化,44
平成20年度,44
平成8年度,44
昭和49年度,44
安心,44
救助,44
救急,44
平成22年度,43
昭和59年度,43
昭和56年度,43
平成11年度,42
平成9年度,42
労働省,42
法務省,42
総理府,42
結婚,41
エネルギーバランス表,41
平成17年度,41
平成12年度,41
財政法25条,41
令和2年度,41
不本意非正規雇用労働者,41
PM2.5,40
移動,40
 林業,40
 水産業,40
平成15年度,40
昭和54年度,40
昭和53年度,40
昭和50年度,40
運転免許統計,40
出産,39
フォーマット,39
民間事業者,39
公文書管理,39
二酸化炭素,39
平成19年度,39
平成18年度,39
昭和61年度,39
昭和55年度,39
昭和46年度,39
自殺,39
平成28年度,37
低炭素社会,37
平成25年,37
ライフイベント,37
転居,37
平成16年度,37
平成14年度,37
昭和44年度,37
ワーク ライフ バランス,36
出生率,36
次世代育成,36
育児,36
化学物質,36
補助金,36
財政法27条,36
財政法22条,36
昭和60年度,36
昭和58年度,36
昭和57年度,36
外貨資産,36
法人番号,35
平成25年度,34
平成26年,34
原子力損害賠償,34
ライフサイクルアセスメント,33
省エネルギー,33
モニタリング,32
政策評価,32
中山間,32
直接支払,32
6000012060002,32
対民収支,32
財政資金,32
人権,32
啓発,32
登記,32
平成27年度,31
エアロゾル,31
LCA,30
インド,30
電力,30
不正使用,30
公的研究費,30
将来予測,29
AI,29
昭和32年度,29
平成30年度,28
外国企業,28
リモートセンシング,28
適応策,28
ブラックカーボン,28
インドネシア,28
 復旧,28
 復興,28
現地法人,28
世帯,28
昭和30年度,28
電気通信番号指定状況,28
生態系機能,27
再生可能エネルギー,27
生態系モデル,27
統合評価モデル,27
石油,27
不動産,27
昭和38年度,27
昭和28年度,27
 センサーネットワーク,27
対日投資,26
オゾン,26
インフラ,26
国会報告,26
日常生活用具,26
補装具,26
財政法23条,26
経費増額費,26
昭和40年度,26
経済基盤強化,26
紛失,26
 コアネットワーク制御,26
 物理ネットワーク,26
令和元年度,25
対日直接投資,25
財政支出,25
財政法24条,25
昭和34年度,25
権利証,25
申請,25
登記済証,25
登記識別情報通知書,25
FDI,24
Invest Japan,24
foreign direct investment,24
外資企業,24
200012010019 ,24
データ,24
太陽光発電,24
人材育成,24
平成26年度,24
租税特別措置,24
補正,24
昭和42年度,24
昭和37年度,24
昭和36年度,24
行方不明,24
海洋酸性化,23
放射性セシウム,23
援助,23
安全保障,23
先端研究助成基金,23
研究者海外派遣基金,23
高等教育,23
昭和43年度,23
平成29年度,22
土壌,22
将来シナリオ,22
昭和41年度,22
昭和35年度,22
昭和33年度,22
国庫債務負担行為総調書,22
基本３情報,22
海岸,21
社会資本,21
JCM,21
法令集,21
内定率,21
就職率,21
政策,20
ITS,20
ガバナンス,20
環境化学物質,20
メタン,20
中国,20
水素,20
昭和39年度,20
昭和31年度,20
暫定暫定予算,20
情報セキュリティ,20
土地利用変化,19
遺伝的多様性,19
排出インベントリ,19
水銀,19
ライフスタイル,19
人材,19
臓器移植,19
概算要求,19
基準点,19
transport and infrastructure,19
交通とインフラ,19
防衛,19
財政.2000012010019,18
産業連関分析,18
フラックス,18
降水量,18
森林減少,18
CO2排出量,18
アンケート調査,18
直轄地すべり対策事業,18
おみやげ,18
お土産,18
植物検疫,18
ダイバーシティ,18
投資,18
補助犬,18
重症心身障害児者,18
地球地図,18
国防,18
自衛隊,18
昭和29年度,18
昭和24年度,18
高度道路交通システム,18
自律型モビリティ,18
熱帯林,17
土地利用,17
農薬,17
SLCP,17
電気自動車,17
学校支援地域本部,17
昭和26年度,17
昭和25年度,17
借金,17
 アクセス,17
 光通信技術,17
データベース,16
産業連関表,16
レアメタル,16
リスク評価,16
アスベスト,16
GIS,16
ALOS,16
PALSAR,16
エネルギー消費,16
国営総合農地防災事業,16
規制,16
物流,16
医療機器,16
設計,16
昭和27年度,16
国の機関等,16
民事,16
2000012020001,16
個人情報保護,15
吸着,15
植物プランクトン,15
黄砂,15
越境大気汚染,15
シナリオ,15
安定同位体比,15
重金属,15
DNAバーコーディング,15
大気汚染,15
地域特性,15
情報,15
フロン,15
燃料,15
ベトナム,15
原子力,15
工業団地,15
"リサイクル
",15
プラットフォーム,15
情報通信,15
コンサルティング,15
建設工事,15
予算概要,15
地殻変動,15
役員変更,15
国際開発支援,15
アマモ場,14
持続可能な開発目標,14
レジリエンス,14
エネルギー政策,14
極端現象,14
災害廃棄物,14
廃棄物,14
絶滅危惧種,14
数値シミュレーション,14
琵琶湖,14
石灰化,14
マテリアルフロー分析,14
公共交通,14
石油消費,14
蒸気,14
商店街,14
障害者自立支援機器,14
900012040001,14
手数料,14
申立,14
紛争,14
調停,14
 ネットワーク制御,14
 フェイルセーフ技術,14
 衛星通信,14
光ネットワーク,14
多言語音声翻訳技術,14
音声翻訳,14
メディア,14
利用時間,14
BD,14
自然言語処理,14
エリアネットワーク運用管理技術,14
データ形式,14
ネットワーク制御技術,14
ロードマップ,13
持続性,13
化学組成,13
蓄電池,13
漁港,13
効果,13
IT,13
人工知能,13
発達障害,13
 データ処理,13
 処理_分析_制御_蓄積等,13
サービス構築技術,13
資源循環,12
栄養塩,12
感受性,12
物質循環,12
メチル水銀,12
サプライチェーン,12
短寿命気候汚染物質,12
気候変動緩和策,12
大気大循環モデル,12
放射強制力,12
気候変動予測,12
数理モデル,12
里海,12
溶存酸素濃度,12
土壌炭素,12
影響予測,12
可視化,12
環境負荷,12
2050年,12
評価,12
調達契約,12
事例,12
ビッグデータ,12
Society5.0に向けた人材育成に係る大臣懇談会,12
家庭機能,12
家族意識,12
家族関係,12
 health,12
 defence,12
 national defence,12
 self-defence force,12
境界,12
座標値,12
標識,12
注記,12
債務,12
債務整理,12
再生手続,12
特定調停手続,12
破産手続,12
返済困難,12
資格,12
低消費電力,12
SDGs,11
温暖化,11
両生類,11
健康影響,11
サンゴ,11
飼育実験,11
流出,11
合意形成,11
特定外来生物,11
アレルギー,11
亜酸化窒素,11
炭素循環,11
土地被覆,11
緩和策,11
オントロジー,11
バイオ燃料,11
ブラジル,11
コンクリート,11
状況,11
漁場,11
漁村,11
動物検疫制度の説明,11
社会可動性,11
"人材育成
",11
 geography,11
 life course,11
 migration,11
 mobility,11
 region,11
 society,11
 survey,11
population,11
旧版地図,11
令和3年度,11
特殊詐欺,11
決定文書,10
貴金属,10
シミュレーションモデル,10
エネルギーマネジメント,10
DNAマイクロアレイ,10
4d-GIS,10
分子マーカー,10
長崎福江島,10
高温,10
アルゼンチンアリ,10
浄化槽,10
レクリエーション,10
 バイオエタノール,10
ステークホルダー分析,10
バイオエタノール,10
バイオディーゼル,10
バイオ燃料政策,10
パームオイル,10
ライフサイクルインベントリ,10
一般均衡モデル,10
問題の構造化,10
国際農産物需給,10
国際農産物需給シミュレーションモデル,10
技術の社会影響,10
政策立案支援,10
植物油価格,10
特性化係数,10
穀物価格,10
領域俯瞰,10
地域エネルギーシステム,10
費用対効果分析,10
都市構造,10
パリ協定,10
地名,10
漁船,10
化審法,10
コンテンツ,10
火薬,10
広報,10
スマートシティ,10
"南アフリカ
",10
"省エネルギー
",10
経営,10
産業保安,10
コミュニティ_スクール,10
測量,10
建設コンサルタント,10
競争参加,10
令和２年７月豪雨,10
注意喚起文,10
沿岸域,9
生態系,9
河川,9
湖沼,9
EBSA,9
オゾン層,9
再導入,9
風力発電,9
不確実性,9
最適化,9
鉄鋼,9
曝露評価,9
遺伝子発現,9
都市化,9
新興国,9
物質フロー,9
国際貢献,9
生物多様性保全,9
アレルギー性鼻炎,9
環境モニタリング,9
化学トレーサー,9
喘息,9
土壌汚染,9
福島第一原子力発電所事故,9
日本海,9
積雪,9
雨量計,9
3次元放射伝達モデル,9
Pi-SAR-L,9
PlotNet,9
SAR画像,9
アジア地域,9
グラウンドトゥルースデータ,9
ポスト京都,9
可視赤外センサー,9
"土地利用改変
",9
土地被覆分類,9
地上検証,9
地上部バイオマス,9
撹乱プロセス,9
森林インベントリ,9
森林バイオマス,9
森林改変,9
森林構造,9
森林面積,9
炭素収支,9
部分空間法,9
カンボジア,9
沈下,9
泥炭分解,9
アウトリーチ,9
エルニーニョ,9
サンゴ年輪,9
ジオアーケオロジー,9
トレーサー,9
フィールド_センサス,9
人口流動性,9
人口移動,9
地下水,9
塩淡境界,9
小島嶼国,9
州島地形,9
水温_塩分,9
水資源管理,9
沿岸漂砂,9
海岸水質,9
淡水レンズ,9
環境収容力,9
環境史,9
環礁州島,9
社会的潜在人口,9
資源化,9
養浜,9
アナンデールヨコエビ,9
イサザ,9
乱流,9
低温水孔,9
全循環,9
底層貧酸素化,9
栄養塩回帰,9
植物プランクトン一次生産,9
水温,9
"水温特異的種間競争
",9
混合過程,9
湖底堆積層,9
湖沼汎用モデル,9
炭素フラックス,9
炭素同位体比,9
窒素除去効率,9
繁殖フェノロジー,9
貧酸素化,9
貧酸素耐性,9
酸素,9
重金属類,9
経済評価,9
エネルギー消費量,9
エネルギー消費量原単位,9
中小業務建築,9
予測モデル,9
住宅形態,9
冷設什器,9
実測,9
政策提言,9
普及予測,9
民生部門,9
省エネルギー対策,9
超高層,9
集合住宅,9
シミュレーション,9
CO2排出原単位,9
システム境界,9
セメント系建材,9
セラミック建材,9
マルチモーダルシフト,9
中間処理場,9
二酸化炭素の排出削減,9
再生路盤材,9
再生骨材,9
廃コンクリート,9
最終処分場,9
生コンクリート製造,9
積み上げ法,9
維持管理,9
船舶ネットワーク,9
"試算
",9
道路ネットワーク,9
鉄道ネットワーク,9
関東,9
電力量,9
中心市街地,9
航続距離,9
生息域外保全,9
野生復帰,9
オゾン層保護,9
ASEAN,9
タイ,9
大学,9
技術,9
火力発電,9
再生医療等製品,9
医薬品医療機器等法,9
産学連携,9
ＬＰガス,9
"IoT
",9
juridical_competent_authority ,9
所管の法人,9
公示催告,9
小切手,9
手形,9
熊本地震,9
検査,8
G8,8
パーソナルデータ,8
基本指針,8
サンゴ礁,8
社会関係資本,8
再資源化,8
分離,8
希少種,8
疫学研究,8
ナノ材料,8
分布予測モデル,8
台風,8
保全,8
制度設計,8
除染,8
根絶,8
リスクアセスメント,8
気管支喘息,8
二酸化炭素分圧制御,8
初期生活史,8
動物実験,8
実験装置,8
有孔虫,8
殻形成,8
海洋酸性化影響,8
石灰化生物,8
精密pCO2制御装置,8
貝類幼生,8
造礁サンゴ,8
食料重要種,8
高精度CO2溶解システム,8
DNA,8
カエルツボカビ,8
カワヒバリガイ,8
センチュウ,8
タイワンシジミ,8
ダニ,8
ボレリア,8
マダニ,8
ラナウイルス,8
侵入ルート,8
侵入種,8
国際貿易,8
大量死,8
宿主転換,8
微生物,8
木材,8
淡水貝類,8
爬虫類,8
皮膚メタセルカリア症,8
随伴侵入,8
2050年都市像,8
3D-CAD,8
コンパクト化,8
ストックCO2,8
ゼロカーボン建築設計手法,8
ピークオイル,8
ライフサイクルCO2,8
人口縮減_高齢化,8
"実在街区
",8
市民参画,8
数値解析,8
既成住宅団地,8
熱環境,8
街区デザイン,8
都市イメージ,8
都市縮小,8
都市骨格,8
駅前中心市街地,8
CO2 ,8
エネルギー需給,8
国際比較,8
建築,8
気候変動対策,8
気候変動政策,8
温室効果,8
温室効果物質,8
炭素分析,8
環境クズネッツ曲線,8
統合評価,8
リスク管理,8
CCS,8
ものづくり,8
化管法,8
租税回避,8
国際課税,8
繊維,8
ヘルスケア,8
保安,8
"中小企業
",8
被災,8
高圧ガス保安法,8
海水淡水化,8
スリランカ,8
育児休業取得率,8
不履行,8
公正証書,8
定款,8
戸籍,8
東北地方太平洋沖地震,8
死亡届,8
気仙沼,8
滅失,8
滅失登記,8
登記事項証明書,8
登記手数料,8
差押禁止,8
経済事犯,8
 観測,8
情報の取得,8
 ブロードバンド,8
海洋資源,8
マイナンバー,7
沿岸,7
手続,7
プラネタリーバウンダリー,7
地球温暖化対策,7
回収,7
廃棄物地盤,7
トキ,7
個体群管理,7
島嶼,7
環境影響評価,7
東京湾,7
福島第一原子力発電所,7
都市,7
東南アジア,7
チャンバー法,7
域外保全,7
N2O,7
干渉,7
森林分布,7
樹高推定,7
泥炭層,7
熱帯泥炭,7
SPRINTARSモデル,7
エアロゾルの吸収特性,7
エアロゾル放射効果,7
元素状炭素,7
光学的厚さ,7
分光日射量,7
単一散乱アルベド,7
大気エアロゾル,7
形態観察,7
"放射強制力
",7
沖縄辺戸岬,7
直接効果,7
DNAアレイ,7
イネ,7
ストレス診断,7
収量,7
品種間差,7
品質影響,7
施肥,7
暴露時期,7
水稲収量,7
稲わら,7
品質管理,7
NICEモデル,7
Public-Private Partnership,7
エコタウン,7
フットプリント分析,7
メタンガス発酵技術,7
下水道システム,7
中国瀋陽市,7
中小企業の環境配慮型経営,7
国際都市間ネットワーク,7
地方政府,7
循環経済都市シミュレーションシステム,7
持続可能な都市_地域,7
排出インベントリー,7
環境国際協力,7
遼河流域,7
面源負荷削減,7
コンジョイント分析,7
供給サービス,7
"定量化
",7
文化的サービス,7
特用林産物,7
生物制御,7
生物機能群,7
節足動物,7
花粉媒介,7
里山,7
フロー_ストック勘定分析,7
中国黄土高原,7
因果関係モデル,7
国際互恵,7
広域低炭素社会,7
環境改善効果,7
社会経済効果,7
自給,7
農工連携バイオマス産業,7
都市_農村連携,7
長期シナリオ,7
MFA,7
ネットワークシステム,7
バイオマス利活用システム,7
バイオマス利用シナリオ,7
バイオマス製品,7
ライフサイクル,7
土づくり,7
"地域社会
",7
堆肥化,7
政策_合意形成,7
政策_施策_事業評価モデル,7
環境会計,7
社会技術システム,7
総合評価,7
青森県,7
アジア都市,7
インフラ整備,7
低炭素型田園都市,7
低炭素型都市,7
低炭素技術,7
低炭素都市理論,7
家計消費,7
専門家パネル会議,7
物質_エネルギー代謝,7
街区,7
都市類型,7
エネルギー計測,7
ヒートポンプ給湯機,7
出力変動,7
周波数制御,7
太陽光発電抑制量,7
日射量予測,7
発電量予測,7
電力需給解析,7
電圧制御,7
需給バランス,7
需給調整力,7
需要の能動化,7
需要予測,7
需要応答,7
リスク,7
金属,7
フィリピン,7
ミャンマー,7
ベンチャー,7
規格,7
製品含有化学物質,7
個人情報,7
PRTR,7
航空機,7
需給,7
米国,7
電気,7
 ガス,7
"情報
",7
サービス産業,7
RFID,7
法人,7
ディスプレイ,7
放課後子供教室,7
変更,7
発注,7
平成３０年７月豪雨,7
団体コード,7
市町村コード,7
自治体コード,7
都道府県コード,7
高効率の電力回収,7
海洋,6
陸水,6
メコン川,6
動物プランクトン,6
持続可能な開発のための教育,6
シナリオ分析,6
持続可能性,6
化学気候モデル,6
水蒸気量,6
資源回収,6
抽出剤,6
浸出水,6
準好気性埋立,6
ダイオキシン,6
沿岸生態系,6
ネオニコチノイド,6
水田,6
水草,6
環境DNA,6
光化学オキシダント,6
PBI,6
後作物残留,6
GWAS,6
PCB,6
ポリ塩化ビフェニル,6
海洋保全,6
超低周波音,6
多環芳香族炭化水素,6
病原ウイルス,6
適応,6
街区群,6
デマンドレスポンス,6
費用対効果,6
GOSAT,6
複合影響,6
環境容量,6
費用便益分析,6
放射性物質,6
移行,6
閉鎖性水域,6
バイオオーグメンテーション,6
バイオスティミュレーション,6
バイオレメディエーション,6
胎児期曝露,6
減容化,6
排出量推計,6
環境リスク,6
生態リスク,6
底質,6
高速液体クロマトグラフィー,6
流域,6
リスク認知,6
リスクコミュニケーション,6
環境変動,6
集水域,6
干潟,6
アトピー性皮膚炎,6
越境汚染,6
一斉分析,6
自然由来,6
付着藻類,6
震災復興,6
環境動態,6
PCBs,6
臭素系難燃剤,6
指標,6
次世代自動車,6
野生動物管理,6
生物多様性指標,6
風力発電施設,6
ナノ粒子,6
ppbレベル,6
過酸化水素,6
大気質モデル,6
医薬品,6
生活排水,6
 アジア,6
 品質管理,6
 山岳地域,6
 気候モデル,6
 水資源,6
 温暖化,6
日降水量,6
気温,6
衛星,6
誤差評価,6
"モニタリング
",6
一酸化二化窒素,6
土壌凍結,6
土壌水分,6
硝酸態窒素,6
適応_緩和策,6
陰イオン吸着,6
電気伝導度,6
グローバルシナリオ,6
中期目標,6
国別割当,6
MPA,6
SEA-WP海域,6
reef connectivity,6
マイクロサテライト,6
ミトコンドリア,6
幼生分散,6
海洋低次生態系モデル,6
海洋大循環モデル,6
海流変動,6
生物幼生分散,6
遺伝子流動,6
CO2データ統合,6
pH,6
データ統合,6
円石藻,6
各層時系列観測,6
微生物群集構造,6
海洋二酸化炭素,6
生元素循環,6
原生自然環境,6
景観生態学図,6
枯死木,6
植生三次元構造,6
登山道,6
自動地形分類,6
航空レーザ測量,6
航空機レーザ測量,6
里山環境,6
鳥類相,6
Tert,6
ジャワマングース,6
マングース,6
不死化細胞,6
不死化関連遺伝子,6
初代培養細胞,6
初代培養肝細胞,6
微量元素,6
水銀暴露応答性遺伝子,6
生物増幅,6
重金属感受性試験,6
CBD,6
GEO BON,6
機能形質,6
深海域,6
LRT,6
ハイブリッド車,6
パーソナルモビリティ,6
実使用,6
家庭充電,6
排出係数,6
普及可能性,6
消費者受容性,6
運輸部門,6
電動車両,6
協議会,6
統合数値モデル,6
志津川湾,6
環境影響,6
農業影響,6
循環型社会形成推進基本計画,6
ドローン,6
循環経済,6
白金族金属,6
電池,6
疫学,6
応用一般均衡モデル,6
適応費用,6
ジオポリマー,6
気候政策,6
環境計測,6
経済性,6
ガラス,6
毒性試験,6
CO2シープ,6
リフォーム,6
BCP,6
外国人,6
情報伝達,6
管理,6
届出外,6
二国間クレジット,6
スマートフォン,6
映画,6
税務,6
認証,6
ファッション,6
京都議定書,6
モントリオール議定書,6
開発,6
放射性廃棄物,6
トリチウム,6
賃金,6
メキシコ,6
"ベンチャー
",6
起業,6
"火薬
",6
燃費,6
"JCM
",6
自動走行,6
輸出,6
貿易,6
国際租税,6
トップランナー制度,6
 教育,6
液化石油ガス,6
サウジアラビア,6
低入札,6
公共調達,6
工事請負契約,6
特別重点調査,6
保有率,6
免許状,6
特別支援学校教諭,6
理数教育,6
元気で豊かな老後を送れる健康寿命の延伸に向けた取組,6
り災証明書,6
代替農用地,6
免税,6
免除,6
建物,6
登録免許税,6
相続税,6
被災証明書,6
警戒区域,6
譲渡所得,6
贈与税,6
農用地,6
還付,6
熟慮期間,6
相続,6
相続放棄,6
交番,6
警察本部,6
警察署,6
駐在所,6
 ネットワーク,6
 効率伝送,6
情報の符号化_複合化,6
 P2P,6
 情報保護,6
 ソフトウェア無線,6
デジタルコヒーレント,6
光通信,6
超高速,6
利活用実証,6
センサーネットワーク,6
マルチホップネットワーク,6
P2P,6
提示,6
ネットワーク運用,6
地域経済,5
アクションプラン,5
Open Data,5
業務,5
障害,5
種多様性,5
遺伝子多様性,5
湿地,5
GHG,5
熱中症,5
実証実験,5
connectivity,5
オニヒトデ,5
サンゴ初期生活史,5
メタゲノム解析,5
石西礁湖,5
統合ネットワーク系,5
集団遺伝解析,5
バイオプローブ,5
蛍光,5
迅速検出,5
妊娠,5
総合影響評価,5
適応政策,5
地域社会,5
脆弱性指標,5
温暖化対策,5
約束草案,5
REDD,5
生態系保全,5
特定外来種,5
水資源,5
生物蓄積,5
低炭素,5
資金メカニズム,5
物質フロー分析,5
ASPAC,5
コベネフィットアプローチ,5
寄与率,5
高温乾式メタン発酵,5
食糧,5
意思決定,5
原子力発電,5
放射線,5
無害化,5
排出経路,5
化学的防除,5
アミノ酸,5
国立公園,5
ステークホルダー,5
"環境基準
",5
種の感受性分布,5
エコチル調査,5
放射能,5
メタン発酵,5
溶融塩電解,5
セーフガード,5
発生源解析,5
粒子状物質,5
胎盤,5
DNAメチル化 ,5
エピジェネティクス,5
アラスカ,5
コケ類,5
マリアナトウヒ,5
地衣類,5
堆積有機物,5
林床植生生産量,5
細根生産量,5
広域比較,5
温暖化影響,5
魚類生産,5
化学輸送モデル,5
処理,5
ブルーカーボン,5
統合的観測解析システム,5
人口分布,5
減災,5
溶媒抽出,5
固化式処分,5
示方配合,5
超流体工法,5
ペレタイズ,5
物理再生,5
物理劣化,5
Eco-DRR,5
ブルーギル,5
不妊化遺伝子搭載魚,5
侵略的外来魚,5
遺伝子制圧,5
遺伝子編集,5
トンボ,5
フットプリント,5
アンモニア,5
有機炭素,5
救急搬送,5
複合曝露,5
HFC,5
マングローブ,5
試験法,5
見直し,5
マレーシア,5
太陽光,5
模倣品,5
BEPS,5
OECD,5
GHS,5
京都メカニズム,5
決済,5
ゲーム,5
PPP,5
クレジット,5
石油製品,5
ドイツ,5
サポイン,5
アパレル,5
低廉化,5
小売価格,5
透明化,5
春闘,5
二国間クレジット制度,5
HCFC,5
化学プラント,5
"水素
",5
EU,5
"省エネ
",5
エアコン,5
"電力
",5
容器包装,5
BEPS源浸食と利益移転,5
"自動走行
",5
自動運転,5
成長,5
 科学技術人材育成,5
"一億総活躍社会の実現
",5
安心に繋がる社会保障,5
出生,5
平成19年,5
平成18年,5
平成17年,5
平成16年,5
平成15年,5
平成14年,5
平成13年,5
平成12年,5
ジオイド,5
公告,5
令和元年台風第19号,5
令和２年７月３日からの大雨による災害,5
山岳遭難,5
情報の収集,5
検案,4
死亡時画像診断,4
死因,4
法医学,4
解剖,4
身元確認,4
調査,4
棚卸,4
組織,4
"ESD
",4
グローバルガバナンス,4
トランスディシプリナリティ,4
持続可能な開発,4
新国富,4
目標によるガバナンス,4
超学際,4
目標設定によるガバナンス,4
アプリ,4
フロン対策,4
Co,4
Mn酸化物,4
Ni,4
マンガン酸化細菌,4
廃二次電池,4
シリカハイブリッド吸着材,4
分離回収システム,4
廃パネル,4
廃電子機器,4
抽出剤包接高分子膜,4
溶媒抽出技術,4
能動輸送,4
選択的抽出剤,4
Ru錯体,4
ポリオキソ酸,4
光触媒,4
半導体ナノ結晶,4
可視光,4
有機ハイブリッド,4
液液反応,4
無機ハイブリッド,4
キャスポル,4
地盤支持力,4
地盤評価法,4
安息角試験,4
平板載荷試験,4
排水特性,4
沈下特性,4
空隙率試験,4
衝撃加速度試験,4
コウノトリ,4
ヤンバルクイナ,4
生存率,4
繁殖成功,4
飼育下繁殖,4
1_3-ジクロロプロペン,4
MITC,4
ガスバリアー性フィルム,4
ガス透過速度,4
クロルピクリン,4
メチルイソチオシアネート,4
土壌くん蒸剤,4
土壌中作物病原性微生物,4
大気中濃度,4
大気移行フラックス,4
自治体,4
気候シナリオ,4
砂浜侵食,4
都市計画,4
小水力,4
スクラップ,4
レーザー,4
セメント,4
端末交通,4
復興,4
CDM,4
インセンティブ,4
政策決定,4
環境基準,4
SPRINTARS,4
データ同化,4
４次元変分法,4
メタンフラックス,4
微気象学的手法,4
森林起源炭化水素フラックス,4
気候工学,4
プラスチック,4
ビジネスモデル,4
廃棄物処理,4
ニホンジカ,4
処分,4
連携,4
携帯電話,4
セイヨウオオマルハナバチ,4
喫煙,4
二次生成,4
炎症,4
LPS,4
ESG,4
カーボンプライシング,4
排出量取引,4
炭素税,4
アプリケーション,4
食料安全保障,4
庁費,4
省エネ法,4
直接投資,4
泥炭,4
アフリカ,4
ケニア,4
LNG,4
REDDプラス,4
ドバイ,4
製品,4
低炭素社会実行計画,4
ロボット,4
石炭,4
市場規模,4
計量,4
アニメ,4
アンケート,4
EV,4
急速充電,4
高圧ガス,4
宇宙,4
スマートメーター,4
EPA,4
ミンダナオ,4
冷媒,4
"化学物質
",4
"商店街
",4
"評価
",4
事故分析手法PFA,4
スマート化,4
実証,4
システム,4
シンガポール,4
"都市開発
",4
"気候変動
",4
取引,4
議会資料,4
ＰＤＣＡサイクル,4
欧州,4
"貿易
",4
"地球温暖化
",4
生産能力,4
女性活躍,4
東証,4
銘柄,4
CPS,4
"プライベートエクイティ
",4
福島,4
燃料電池自動車,4
テレビ,4
乾燥機,4
冷凍庫,4
冷蔵庫,4
家電リサイクル法,4
洗濯機,4
特定家庭用機器再商品化法,4
電磁界,4
企業買収,4
日本企業,4
海外企業買収,4
投資対効果,4
費用便益,4
コールドチェーン,4
定温物流,4
定温貨物,4
鉄道輸送,4
スマートホーム,4
スマートライフ,4
情報発信,4
審査,4
教育資金,4
家族類型,4
居住関係,4
平成22年,4
航海安全,4
平成23年,4
平成24年,4
地磁気,4
重力,4
平成29年,4
平成28年,4
平成27年,4
平成30年,4
 defense,4
 national defense,4
 self-defense force,4
手当,4
給与,4
東日本大震災関連義援金,4
災害弔慰金,4
災害障害見舞金,4
被災者生活再建支援金,4
令和元年台風第１９号,4
薬物銃器統計,4
財政_支出,4
産業競争力強化法,4
衛星通信,4
量子暗号,4
対話エージェント,4
消費者庁支出状況調,3
女性の活躍,3
成長戦略,3
ActionPlan,3
輸送,3
ギャップ分析,3
優先保護区,3
生物多様性評価,3
駆動因,3
化学合成生物群集,3
外洋,3
深海,3
藻場,3
LCT,3
インベントリデータ,3
ゲーム ,3
ライフサイクル思考,3
家庭科教育,3
教科書,3
環境教育,3
環境配慮行動,3
世界農業遺産,3
伝統的知識,3
地理的表示,3
能登半島,3
農業環境政策,3
エネルギー_レジリエンス,3
レジリエンス診断,3
レジリエントシティ,3
日本版首長誓約.キャパシティ_ビルディング ,3
水循環レジリエンス,3
環境レジリエンス,3
資源循環レジリエンス,3
海域利用,3
社会生態システム,3
社会経済的価値,3
重層的ガバナンス ,3
SCP,3
アジア地域 ,3
充足性,3
効率性,3
地球一個分の暮らし,3
持続可能なライフスタイル,3
持続可能な消費と生産,3
政策デザイン,3
社会実現,3
FIT,3
エネファーム,3
コジェネレーション,3
固定価格買取制度,3
地域熱供給,3
家庭用燃料電池,3
社会コスト,3
費用便益分析 ,3
非常用エネルギー,3
ライフサイクル分析,3
問題構造化,3
多基準評価,3
意思決定支援,3
北半球中高緯度,3
北極域土壌圏,3
温暖化予測,3
炭素年代測定,3
ライフサイクルCO2排出,3
地域環境,3
生活行動様式,3
可降水量,3
ブラウン管ファンネルガラス,3
回転炉床,3
塩化揮発,3
塩化鉛,3
落じん灰,3
金属回収,3
 引張強さ,3
スケールアップ化,3
チタン切削屑,3
再生チタン素材,3
圧密化挙動,3
変形双晶,3
機械粉砕加工,3
水素化熱処理,3
疲労強度,3
脱水素化同時焼結,3
集合組織,3
分別土砂,3
地盤材料特性,3
室内試験,3
巨大災害,3
盛土試験,3
DMSO,3
ジメチルスルフォキシド,3
炭酸プロピレン,3
臭化銅,3
キレート剤,3
埋立地安定化,3
排ガス処理薬剤,3
硝化阻害,3
曲げ強度,3
燃焼性 ,3
耐候試験,3
難燃剤,3
難燃剤の挙動,3
難燃剤含有樹脂試料,3
DR-CALUX アッセイ,3
XDS-CALUX アッセイ,3
生物検定法,3
簡易測定法,3
臭素化ダイオキシン類,3
LCA 調査,3
ゲノム解析,3
バイオマンガン酸化物,3
バイオリーチング,3
好酸性鉄酸化菌,3
廃電子基板,3
有用金属,3
風力選別,3
ホタテガイ,3
中腸腺 ,3
電子基板,3
ゼニガタアザラシ,3
定置網,3
漁業被害,3
行動,3
被害防除,3
親潮沿岸域,3
野性動物管理,3
メソコズム,3
浸透移行性殺虫剤,3
生態リスク評価 ,3
"群集レベル影響評価
",3
リアルタイムPCR,3
採捕調査,3
生物分布調査,3
魚類,3
OH反応性,3
大スモッグチャンバー,3
感度実験,3
未同定二次VOC,3
未知反応性,3
未計測VOC,3
自動車排気ガス植物VOC,3
アベイラビリティ,3
土壌診断,3
CT ,3
MRI,3
アオコ,3
底泥溶出,3
有機物,3
泥温,3
酸化還元状態,3
全ゲノム関連解析,3
寄与因子評価,3
曝露量推定モデル,3
質問票,3
大気汚染浄化,3
大気汚染防止,3
有害化学物質,3
環境分析,3
HIA,3
Health Impact Assessment,3
健康影響予測評価,3
睡眠障害,3
騒音,3
PM0.1,3
バイオマーカー ,3
携帯型サンプラー,3
環境ナノ粒子,3
下水放流水,3
仙台沿岸域,3
合流式下水道雨天時越流水,3
水環境,3
琵琶湖南湖,3
衛生指標微生物,3
自己免疫疾患,3
自己抗体,3
ダウンスケーラ,3
都市交通政策,3
エネルギー融通,3
分散型電力系統,3
地域主体形成,3
プロセス分析,3
CMIP5マルチ気候モデル,3
MJO,3
Madden-Julian振動,3
モンスーン,3
亜熱帯ジェット,3
寒気吹き出し,3
成層圏大規模循環,3
梅雨期集中豪雨,3
海面水温,3
インバース解析,3
シベリア,3
収支推定,3
現地観測,3
航空機観測,3
有機炭素生産,3
水産有用魚種,3
沿岸生物,3
COP21,3
ウェブアンケート調査,3
ダーバン_プラットフォーム,3
新国際枠組み,3
モンゴル,3
凍土融解 ,3
気候変動 ,3
牧草生産量,3
脆弱性 ,3
データ融合,3
モデル融合,3
北極域,3
水循環,3
陸域炭素循環,3
陸域炭素循環モデル,3
メガシティ,3
統合モデル,3
アンブレラ種,3
シマフクロウ,3
タンチョウ,3
復元計画,3
ダム開発,3
淡水魚類,3
交雑,3
国内外来種,3
遺伝子浸透,3
BLUP,3
トマト,3
マルハナバチ,3
北海道,3
在来種,3
環境保全,3
育種モデル,3
花粉交配,3
土地利用形態,3
灌木林,3
草原,3
蒸発散,3
いわき沿岸,3
相馬沿岸,3
超音波バイオテレメトリー,3
開放性水域,3
放射性セシウム動態,3
有機物動態,3
流域生態系,3
渓流環境,3
食物網,3
1_4-ジオキサン,3
1_4-ジオキサン分解菌,3
ゲノム解析 ,3
地下水揚水処理,3
定量的モニタリングツール,3
PM2.5黄砂,3
ライダーネットワーク,3
内部混合,3
外部混合,3
汚染された黄砂,3
沈着量,3
飛来量,3
黄砂予報モデル,3
AhR-130bpC_T SNP,3
IL1β,3
IL24,3
NF1C,3
ダイオキシン類,3
油症,3
2D_4D,3
SNP,3
ゲノムワイド関連研究,3
一塩基多型,3
性ホルモン,3
性分化,3
性役割行動,3
性腺機能,3
環境科学物質,3
遺伝_環境交互作用,3
セシウム,3
保管,3
建材,3
磁気力,3
除染シナリオ,3
除染範囲,3
ふっ素,3
ほう素,3
マグネシウム-アルミニウム系層状複水酸化物,3
マグネシウム-アルミニウム酸化物,3
マグネシウム酸化物,3
シリコーン,3
メチルシロキサン,3
下水処理施設,3
分析法開発,3
東京湾流域,3
残留性有機汚染物質,3
毒性影響,3
食物網蓄積モデル,3
エチル水銀,3
前処理操作,3
化学発光検出,3
水銀汚染,3
 低炭素交通,3
 脱物質化,3
バックキャスティング,3
アジア大気汚染,3
地域協力枠組み,3
大気_気候アジア科学パネル,3
C_N比,3
多収米飼料イネ,3
水環境負荷,3
"養豚排水処理
",3
ホームガーデンシステム,3
モザイクシステム,3
介入オプション,3
伝統的技術_知識,3
気候_生態系変動,3
近代的技術_知識,3
 参加型有機認証制度,3
 局地的市場圏,3
" 提携
",3
MCAC,3
PGS,3
SRI農法,3
囲い契約,3
地力維持,3
農民学校,3
農民間技術改善運動,3
水_みず,3
エネルギーインフラ,3
マルチベネフィット,3
未利用エネルギー,3
環境アセスメント,3
MFCA,3
インベントリデータベース,3
マテリアルフローコスト会計,3
低炭素化,3
環境マネジメント,3
製品設計,3
トレードオフ,3
地理情報システム,3
"高分解能マッピング
",3
アマモ,3
反応,3
固化,3
浚渫土,3
生物生息基盤,3
製鋼スラグ,3
エネルギー選択,3
ERMIN,3
RODOS,3
リスク_コミュニケーション,3
原子力災害,3
地域車座会議,3
制度的課題,3
外部費用,3
経済影響評価,3
電力需給モデル,3
電源構成,3
グループインタビュー,3
原子力発電所,3
面接調査,3
GPS,3
漂流ブイ,3
無線ネットワーク,3
観測システム,3
赤潮,3
アモーサイト,3
クリソタイル,3
スレート瓦,3
マイクロ波加熱,3
いぶき,3
ライダー,3
巻雲,3
放射計,3
検証,3
温室効果ガス観測技術衛星,3
解析アルゴリズム,3
高精度温室効果ガス観測,3
エネルギーサービス需要,3
地球温暖化ガス排出削減 ,3
環境質定量化_予測 ,3
低密度個体群,3
効率的防除戦略,3
繁殖抑制,3
放射性炭素14,3
河川生態系,3
生態複雑性,3
生物標本,3
食物網構造,3
シカ管理計画,3
季節移動の追跡,3
捕獲効率,3
捕獲手法,3
生息密度,3
高密度のニホンジカ,3
ベントス,3
ボトムアップ過程,3
メタ個体群,3
基質攪拌,3
浄化機能,3
浮遊幼生,3
種多様度,3
Achnatherum splendens,3
キーリソース,3
ストレス耐性,3
群落構造,3
草原生態系,3
遊牧,3
オカダトカゲ,3
三宅島,3
共分散構造分析,3
噴火,3
植生,3
生態系回復,3
衛星画像,3
鳥類,3
南北比較,3
魚類群集,3
イトヨ多型,3
伏流水,3
新規生息地,3
水文環境,3
湧水生態系,3
環境復元,3
アレルギー性喘息,3
エピゲノム,3
ビスフェノールA,3
神経伝達物質,3
脳形成,3
行動異常,3
"評価手法
",3
リセプター解析,3
ローカル汚染,3
発生源寄与率,3
遠隔地観測,3
シナリオ計算,3
シードバンク,3
泥質化,3
湖底勾配,3
貧酸素,3
長期変動,3
MFP,3
オゾン処理,3
凝集沈殿処理,3
塩素処理副生物 ,3
変異原 ,3
変異原性物質生成能 ,3
河川水,3
活性炭吸着処理,3
浄水処理,3
環境変化体 ,3
農薬 ,3
オゾンの樹木影響の現状評価,3
落葉広葉樹,3
葉のオゾン吸収量,3
グローバル濃度分布,3
トレーサビリティ,3
プルトニウム,3
国際共同航海,3
国際精度管理試験,3
時系列変化,3
残留性有機フッ素化合物群,3
海水循環輸送,3
海洋環境,3
化学形態,3
土壌_地下水汚染,3
土壌環境基準,3
バイオテクノロジー,3
解体現場,3
迅速検査,3
リスク低減,3
回復性,3
水生昆虫,3
"アトピー性皮膚炎
",3
ハウスダスト,3
フタル酸エステル類,3
リン系難燃剤,3
学童,3
尿中代謝物,3
母子保健,3
n-3系不飽和脂肪酸,3
トランス酸,3
リスク_ベネフィット解析,3
母児間移行,3
遺伝要因,3
"PM2.5
",3
interleukin-8,3
呼吸機能,3
大気粉塵,3
慢性閉塞性肺疾患,3
気道炎症,3
アレルギー疾患 ,3
バイオエアロゾル,3
免 疫 担当 細胞 ,3
"免疫細胞毒性反応
",3
毒素遺伝子検出,3
気 管 支上 皮 細胞 ,3
生物分析,3
雄性 生 殖器 ,3
黄砂 ,3
バイオアッセイ,3
簡易検出,3
酵母,3
ナノ含有製品,3
沿岸海域管理,3
ワカサギ,3
群馬県,3
"赤城大沼
",3
個人被ばく,3
数値モデル,3
森林土壌,3
発がんリスク,3
"空間線量
",3
里山生態系,3
プルシアンブルー,3
汚染土壌,3
サイクロン分級,3
凝集沈殿,3
土壌洗浄,3
磁気分離,3
脱水,3
イネ移行性,3
トラクター作業,3
ナノバブル水,3
微生物鉱物化反応,3
木質チップろ過,3
水田土壌,3
洗浄と固定,3
Na-P1型人工ゼオライト,3
モルデナイト,3
土壌除染,3
磁化ゼオライト,3
磁選機,3
下水処理場,3
次世代シーケンサー,3
消毒技術,3
生態毒性,3
衛生学的水質指標,3
環境半減期,3
環境汚染,3
化学汚染,3
生物濃縮,3
経年変動,3
震災影響,3
 好気性生物 分解,3
FOD Waste model,3
テストセル,3
埋立地ガス,3
数値 解析,3
浸出 水制御機 能,3
温室効果ガス 排出量算定モデル,3
熱帯地域 ,3
COD,3
"リン
",3
下水道整備,3
播磨灘,3
播磨灘流域圏,3
栄養塩形態,3
栄養塩異変,3
河川環境,3
発生負荷量,3
窒素,3
総量規制,3
エネツーリズム,3
液肥利用,3
温泉,3
食べ残しゴミ,3
太陽電池,3
電解精製,3
高純度シリコン,3
アジェンダ設定,3
ミレニアム開発目標,3
リオ20,3
合意形成プロセス,3
ＭＤＧｓ,3
ＳＤＧｓ,3
数値計算,3
深層循環,3
凍土,3
凍結深,3
凍結融解,3
北極,3
土壌炭素動態,3
土壌炭素動態モデル,3
温室効果気体,3
CO2クレジット,3
CO2排出抑制,3
GIS分析,3
WTP,3
クリーン開発メカニズム,3
コベネフィット効果,3
便益移転,3
支払意志額,3
エネルギー評価,3
モビリティデザイン,3
地域経済効果,3
政策受容性,3
温熱環境シミュレーション,3
都市インフラ,3
GPS可降水量,3
データセット,3
再現性評価,3
PTR-MS,3
大気海洋物質循環,3
揮発性有機化合物,3
硫化ジメチル,3
地球変動予測,3
地球環境観測,3
研究ロードマップ,3
自然現象観測_予測,3
アウトカム,3
コミュニティベース,3
協エネ支援ツール,3
分布特性,3
半自然草原,3
土壌中有効態リン酸,3
土壌ｐH,3
外来植物,3
植物栄養学的特性,3
置換酸度,3
草原生植物,3
蔓延リスク,3
元素分析,3
生物モニタリング,3
花粉分析,3
近過去復元,3
食物網解析,3
モニタリング調査個体数推定,3
個体数管理,3
特定鳥獣保護管理計画,3
農業被害,3
トップダウン効果,3
湖沼環境,3
魚介類,3
エコシステムアプローチ,3
コベネフィット,3
住民参加,3
地域住民,3
"市場取引
",3
炭素貯留量,3
Landsat衛星画像,3
哺乳動物群集,3
層化ランダム抽出法,3
森林劣化,3
樹木群集組成,3
熱帯低地林,3
衛星LiDAR,3
高分解能衛星,3
３次元構造,3
人獣共通感染症,3
存続可能性分析,3
孤立個体群,3
生息地評価,3
遺伝子交流,3
霊長類,3
DarwinCore,3
Ecological Metadata Language,3
Ecological niche modeling,3
森林生態系,3
生物多様性情報,3
農業生態系,3
陸水生態系,3
REDD評価のモデル,3
コミュニティー_フォレストリー,3
ラオス国全体の炭素固定量,3
休閑地,3
土地利用調整,3
土地利用転換,3
焼畑,3
生態資源利用,3
移住,3
非木材林産物,3
Anammox,3
畜産排水,3
硝化,3
窒素収支,3
脱窒,3
脱窒性メタン酸化,3
飼料イネ,3
フェノロジー,3
温度,3
開花時期,3
開花遺伝子ネットワーク,3
凍結保存,3
分類,3
アノイアンス,3
低周波音,3
振幅変調音,3
環境騒音,3
等価騒音レベル,3
風車騒音,3
カラムスイッチング,3
スポンジモノリス,3
ポリ塩素化ビフェニル,3
医薬品及びパーソナルケア製品,3
官能基間距離固定 ,3
擬似分子鋳型 ,3
自動濃縮,3
計測技術,3
カーボンナノチューブ,3
バルクヘテロ接合,3
フレキシブル,3
導電性高分子,3
有機半導体,3
有機薄膜太陽電池,3
繊維型太陽電池,3
事業場排水,3
有明海,3
流入負荷量,3
溶存態ケイ素,3
水圏現象,3
水管理,3
流域圏,3
海洋生態,3
巻き上げ,3
底質汚濁,3
植生管理,3
沈降,3
洪水制御,3
流動,3
湖岸,3
緩傾斜化,3
難分解性有機炭素,3
排水基準,3
無機有害イオン,3
簡易分析,3
高感度ナノ薄膜試験紙,3
バルク観測,3
レーザーイオン化,3
後方流跡線解析,3
粒別分析,3
集束イオンビーム_二次イオン質量分析,3
CIELUV色空間,3
NPO,3
Webカメラ,3
含有重有害金属 ,3
多点同時連続観測 ,3
海ゴミ_サイエンスカフェ,3
海岸溶出,3
滞留時間 ,3
漂流長期予報,3
パッシブサンプラー,3
マルチメディアモデル,3
大気境界層,3
山岳,3
沈着,3
自由対流圏,3
長距離越境輸送,3
オンチップ_インキュベーション,3
タイトジャンクション,3
微小流体,3
擬似マトリックス,3
疎水化,3
肺胞上皮,3
表面弾性波,3
誘電率,3
ＬｉＴａＯ３,3
アーティファクト,3
相互比較計算,3
組成,3
266 nmレーザーイオン化,3
ハザード比,3
凝集体,3
"多環芳香族炭化水素類
",3
沿道大気試料,3
粒子表面積,3
超微小粒子,3
透過型電子顕微鏡,3
集束イオンビーム質量顕微鏡,3
HBCD,3
ヘキサブロモシクロドデカン,3
"マテリアルフロー解析
",3
ライフサイクルリスク,3
リスク比較,3
代替化学物質,3
リスク-リスクトレードオフ,3
不確実性解析,3
情報の価値,3
環境家計簿,3
耐リスク性,3
イオン成分,3
元素成分,3
アミノ酸輸送,3
妊娠糖尿病,3
妊娠高血圧症候群,3
子宮内胎児発育遅延,3
栄養素輸送,3
胎盤増殖因子,3
トキシコゲノミクス,3
パーセローム,3
マウス,3
相加相乗性,3
複合暴露影響評価,3
ゲノムインプリンティング,3
ヒト精子,3
乏精子症,3
インクジェット,3
パーティクルカウンタ,3
粒子数標準,3
コルチゾル,3
ストレス,3
メダカ,3
LAS,3
抗菌剤,3
生物応答,3
紫外線吸収剤,3
総毒性,3
DNA修復,3
DNA損傷,3
がん,3
遺伝学,3
遺伝毒性物質,3
遺伝毒物学,3
ベンゼン,3
地下水汚染,3
嫌気,3
安定同位体プローブ法,3
次世代高速シーケンス解析,3
PMF法,3
ハロゲン化PAHs,3
光塩素化反応,3
未規制物質,3
発生源,3
堆積,3
文献調査,3
消長,3
非特定汚染源,3
 最適養殖法,3
三階層管理,3
多段階管理 ,3
栄養塩濃度管理,3
温暖化適応策,3
統合持続可能性指標,3
統合沿岸域管理,3
プランクトン食魚,3
二次生産,3
地域固有透明度,3
基礎生産,3
転送効率,3
                     物質循環,3
エコラベル,3
ラムサール条約 ,3
大津波によるエコトーンの遷移,3
森は海の恋人仮説検証,3
溶存鉄,3
開放性内湾,3
養殖筏削減,3
低次,3
国際共同管理,3
将来変動予測,3
東シナ海,3
陸海統合管理,3
高次生態系,3
 漁業活動調整,3
七尾湾 ,3
三段階管理,3
五島,3
対馬,3
日生湾,3
沿岸海域,3
海洋保護区,3
里海物語,3
沿岸域統合管理,3
領域融合研究,3
排出シナリオ,3
地域大気汚染,3
大気質変化,3
逆推計,3
アジア ,3
相乗効果,3
相殺効果,3
NICAM-Chem,3
統合運用システム,3
ストックモデル,3
一般廃棄物,3
国際資源供給,3
耐久財,3
 水域生態系,3
フィールドカメラ,3
ロボットボート,3
昆虫調査,3
植生モニタリング,3
水草管理,3
水鳥調査,3
自動画像計測,3
ソフトインフラ,3
分散型処理,3
制度,3
地域標準化,3
性能評価試験,3
汚泥収集,3
現地化,3
昆虫利用,3
食品廃棄物,3
養魚飼料,3
養鶏飼料,3
バライト,3
メカニズム解明,3
共沈,3
放射性核種,3
製品化,3
除去,3
In-situ測定,3
ディープラーニング,3
モンテカルロシミュレーション,3
放射能深度分布,3
インタビュー,3
Equivalent Soil Mass法,3
NIR,3
ペアサンプリング法,3
国家インベントリー報告書,3
農地,3
 衛星リモートセンシング ,3
予報改善,3
地形効果,3
豪雨,3
降雪,3
導入シナリオ,3
戦略フレームワーク,3
法規制モデル,3
社会受容性,3
CO2関連化学種,3
係留観測,3
基礎生産量,3
海水循環,3
海色衛星,3
溶存酸素,3
エドマ,3
不可逆過程,3
永久凍土の融解,3
現地観測とモデル研究の連携と統合 ,3
累積放出量予測,3
高含氷永久凍土,3
光合成,3
放射伝達モデル,3
生化学的モデル,3
TMR,3
Total Material Requirement,3
ストック分析,3
寿命,3
資源容量,3
資源生産性,3
関与物質総量,3
 減容化,3
プリオン,3
レンダリング,3
処分負担,3
化製処理,3
埋設基準 ,3
捕獲個体,3
肥料原料,3
飼料,3
ダイオキシン様毒性,3
低POPs含有量,3
循環資源,3
木材処理剤,3
大規模災害,3
量的管理,3
 再生,3
ベンチスケール ,3
ラボスケール,3
同時除去,3
廃棄物焼却排ガス,3
循環利用,3
新規処理技術,3
炭酸型Mg-Al系層状複水酸化物,3
 カセットボンベ,3
スプレー缶,3
ボランティア,3
住民,3
市町村,3
排出 ,3
有害危険物,3
アミド化合物,3
アルカリ金属,3
ペロブスカイト,3
塩酸溶液,3
相互分離,3
複合酸化物,3
処理管理システム,3
分別土,3
復興資材,3
情報通信技術,3
分子系統樹,3
分類学,3
新種,3
森林政策,3
次世代シークエンサー,3
維管束植物,3
メタバーコーディング,3
生物分布,3
生物群集,3
生物調査,3
ニホンライチョウ,3
腸内細菌,3
野生ライチョウ由来有用細菌,3
有害遺伝子,3
生物多様性条約,3
空間的遺伝構造,3
里山管理,3
 排出インベントリ,3
モデル間相互比較,3
二次汚染物質,3
集中観測 ,3
PNEC,3
スクリーニング分析,3
ターゲット一斉分析,3
ノンターゲット分析,3
予測無影響濃度,3
大気試料,3
底生生物,3
底質試料,3
水生生物,3
水質試料,3
生態リスク評価,3
ノロウイルス,3
バクテロイデス,3
ファージ,3
大腸菌,3
微生物起源解析,3
糞便汚染,3
腸管系ウイルス,3
血液型決定抗原陽性大腸菌,3
雨天時排水,3
指標成分,3
時別風向別サンプル,3
湿度特性,3
濃尾平野,3
硝酸,3
自動車排出ガス,3
関東平野,3
モデル開発,3
毒性評価,3
発生源評価,3
装置開発,3
酸化ストレス原因物質,3
領域評価 疫学との連携 ,3
カラム試験,3
人為由来汚染,3
自然由来汚染,3
クロロフィル蛍光法,3
メタゲノミクス解析,3
一次生産,3
動物プランクトン生産,3
微生物食物連鎖,3
生分解,3
細菌摂食,3
細菌生産,3
サイクロン,3
免疫反応,3
動物曝露,3
大気粒子状物質,3
曝露影響評価,3
炎症活性,3
生体影響,3
細胞曝露,3
BFRs,3
OCPs,3
POPs,3
ガスクロマトグラフ-質量分析計,3
ポリ塩化ビフェニル ,3
出生コホート,3
曝露影響解析,3
曝露起源推定,3
有機塩素系農薬 ,3
残留性有機汚染物質 ,3
自動分析,3
臭素系難燃剤 ,3
迅速簡易分析法,3
食事調査,3
フルオロ,3
中間生成体,3
前駆物質,3
流域規模化学物質管理,3
消毒副生成物,3
トリクロサン,3
パラベン,3
抗菌性物質,3
防腐剤,3
人為由来,3
六価クロム,3
由来判定法,3
酸化数別分析,3
海水,3
発がん,3
メガシティ特有の影響,3
主観的幸福度,3
"持続可能な開発目標
",3
気候変動とその適応策と緩和策,3
"主観的幸福度
",3
多面的評価手法,3
障害調整生命年,3
全球生態系分布,3
気候変動シナリオ分析,3
生息適地 モデル,3
社会経済モデル,3
河川洪水,3
沿岸地域,3
穀物生産,3
メガシティの気象,3
都市暑熱,3
都市水災害,3
バイオ燃料作物灌漑,3
国際制度,3
水力_火力発電,3
計量経済分析,3
農業_健康影響,3
Cs,3
Sr,3
多地域間産業連関表,3
多重比較分 析,3
自然資本,3
自然資本プロトコル,3
ポスト2015年開発アジェンダ,3
ローカライズ,3
ローカルSDGs,3
地域実装,3
持続可能な開発のための2030アジェンダ,3
持続可能な開発目標_SDGs,3
自発的地域レビュー_VLR,3
評価指標,3
トップダウン推定,3
ボトムアップ手法,3
吸排出量推定,3
ゼロ排出,3
持続可能開発目標,3
モデルシュミレーション,3
次世代環境影響評価,3
環 境アセスメント,3
環境モデル,3
モデル相互比較,3
排出削減経路,3
アジアモンスーン地域,3
チャンバー,3
土壌 放射性炭素_14C,3
土壌呼吸,3
土壌微生物,3
土壌有機炭素,3
温暖化操作実験,3
環境DNA法,3
 QOL,3
エネルギー安定供給,3
サスティナビリティ,3
気候変動の緩和策,3
気候変動の適応策,3
事後評価,3
応用一般均衡分析,3
政策シミュレーション,3
計量分析,3
インパクトチェーン,3
主観的多 元評価,3
参与型手法の開発,3
地域将来推計,3
地域適応計画,3
脆弱性可視化,3
脆弱性評価システム,3
脆弱性評価指標,3
適応能 力,3
アンサンブル実験,3
オゾン層破壊物質,3
セクター別排出分布,3
メタン放出モデル,3
同位体比測定,3
地上観測,3
地球システムモデル,3
排出インベン トリ,3
緩和シナリオ,3
ストック型都市,3
低炭素シナリオ,3
地理情報,3
建設ストック,3
簡易ツール,3
グリーンインフラ,3
沿岸災害,3
HighResMIP,3
IPCC第6 次評価報告書,3
高解像度全球気候シミュレーション,3
気候変動適応法,3
総合的研究,3
適応評価,3
固型化,3
地上保管,3
埋立,3
ケーキ,3
コンクリート二次製品,3
デカンタ式遠心分離,3
ハイドロサイクロン,3
フライアッシュ,3
常温硬化,3
浮遊選鉱法,3
地域循環共生圏,3
地域循環圏,3
廃棄物の広域物流,3
廃棄物産業連関分析,3
真のリサイクル率,3
プラスチックマテリアルリサイクル,3
押出機,3
靭性,3
ナノセルロース,3
凝集,3
分散,3
容器包装リサイクル樹脂,3
抑制,3
相溶化,3
結晶化,3
表面処 理,3
力学特性,3
安定型処分場,3
撹拌型粉砕,3
湿式テーブル選別,3
電気パルス粉砕,3
ＰＶパネル,3
エクセルギー,3
地域熱利用ビジネスモデ ル,3
政策影響シミュレーション,3
焼却,3
熱利用,3
社会実装支援,3
 資源,3
イオン液体,3
分離膜,3
抽出,3
自動車排ガス触媒,3
電子機器,3
 埋立地盤特性,3
埋立前処理,3
廃棄物焼却残渣,3
施工性,3
耐久性,3
WPC,3
容器リサイクル樹脂,3
木粉,3
表面処理,3
酸変性,3
アキアカネ,3
フィプロニル,3
殺虫剤,3
除草剤,3
希少植物,3
生育環境,3
Open catch-effort method,3
RESTモデル,3
密度指標,3
捕獲数増加率,3
最適管理モデル,3
深層学習,3
状態空間モデル,3
黄体退縮物,3
 生物多様性データベース,3
 自然再生,3
EbA,3
EcoDRR,3
グリーンインフラ ,3
市民協働,3
水生植物,3
流域管理,3
湿地植生,3
生物多様性モニタリング,3
重要湿地,3
GPS首輪,3
シカの鳴き声,3
マイクロフォン,3
熱赤外センサ,3
OUV,3
メタ ゲノム解析,3
生息域内保全,3
生息適地推定,3
炭素隔離,3
食糧供給,3
作物,3
農薬登録,3
ガスセンサ,3
個人ばく露測定,3
水晶振動子,3
TEF,3
排出実態,3
臭素系ダイオキシン類,3
ターゲットスクリーニング分析,3
底質毒性,3
生態 リスク,3
精密質量分析,3
要調査項目,3
 溶存有機物,3
H2O2,3
光化学反応,3
多媒体環境動態モデル,3
日内変動,3
河川網,3
バグフィルタ,3
湿式脱硫装置,3
集じん特性,3
電気集じん装置,3
空港周辺環境,3
航空機排気,3
超微小粒子状物質,3
高感度分析,3
アノイアン ス,3
家庭用ヒートポンプ給湯器,3
純音性成分,3
騒音評価,3
死亡,3
粗大粒子,3
脳梗塞,3
院外心停止,3
家庭環境,3
曝露シナリオ,3
曝露モデル,3
網羅的一斉分析,3
鉛曝露,3
バイオモニタリング,3
炎症マーカー,3
スマートデバイス,3
均一液液抽出,3
現場計測,3
高倍率濃縮,3
適正化,3
放置艇,3
50000120800001,3
放射線検査,3
輸出品,3
役務,3
グリーンイノベーション,3
ライフイノベーション,3
製油所,3
日系企業,3
官民パートナーシップ,3
DDI,3
データドリブン,3
データ駆動型,3
技術基準,3
地熱発電,3
エチオピア,3
100選,3
ダイバーシティ経営,3
多様な人材,3
家事支援サービス,3
トラック,3
トルコ,3
展示会,3
バッテリー,3
低含有率物質,3
営業秘密,3
海外子会社,3
税金,3
 セキュリティ,3
デジタル,3
海賊版,3
無線,3
事業再編,3
生産性向上,3
加工,3
会社,3
SDS,3
消費者,3
BtoB,3
EC事業者,3
オムニチャネル,3
オンラインショッピング,3
ネット通販,3
企業間電子商取引,3
越境電子商取引,3
ｅコマース,3
エアゾール,3
市場調査,3
海外展開,3
音楽,3
化学物質管理,3
オフセット,3
原油,3
クラウド,3
先物,3
市場,3
経済産業省,3
CSR,3
企業価値,3
競争力,3
エネルギ-,3
産業研修,3
位置情報,3
充電,3
充電器,3
普通充電,3
技術移転,3
自転車,3
ODA,3
"産業
",3
地球温暖化防止,3
事業承継,3
小規模事業者,3
販路開拓,3
賃上げ,3
情報化,3
事業継続,3
訓練,3
核燃料サイクル,3
港湾,3
皮革,3
インターネット,3
"化学物質管理
",3
高齢化,3
SNS,3
製品安全,3
冷蔵冷凍空調,3
技術転換,3
途上国支援,3
"セメント
",3
ISO,3
JIS,3
JISマーク,3
アクセシブルデザイン,3
国際標準化,3
適合性評価,3
電気設備技術基準,3
"研究開発
",3
"排出量推計
",3
KPI,3
燃料電池,3
健康経営,3
対話,3
"ＰＰＰ
",3
"温暖化
",3
"蓄電池
",3
下請,3
"観光
",3
"賃上げ
",3
"インド
",3
資源効率,3
基準,3
"通関
",3
クリーンコールテクノロジー,3
"トップランナー制度
",3
COP,3
京都クレジット,3
国別登録簿,3
排出枠,3
排出権,3
排出量,3
気候変動枠組条約,3
自主開発比率,3
"2040
",3
未来,3
洞察,3
"ヘルスケア
",3
"企業コード
",3
法人情報,3
オープンガバメント,3
火力,3
発電,3
中小規模,3
開示,3
電気用品安全法,3
万博,3
コーポレートガバナンス,3
企業統治,3
世界銀行,3
市場メカニズム,3
輸入,3
FCV,3
廃水処理,3
モデルベース,3
有機EL,3
長期戦略,3
LPガス,3
 経済,3
戦略的基盤技術高度化支援事業,3
国際博覧会,3
研究活動時間,3
研究者数,3
科学技術指標,3
地域生活支援事業,3
社会参加支援,3
平成21年,3
平成20年,3
輸送量,3
空中写真,3
航空写真,3
全件データ,3
差分データ,3
検索件数,3
罹災都市借地借家臨時処理法,3
被災区分所有建物の再建等に関する特別措置法,3
警備情勢,3
個人番号,3
特定個人情報,3
就業率,3
AIネットワーク,3
チップ,3
_IoT共通基盤技術,3
就業,2
Gender Equality Bureau Cabinet Office,2
内閣府男女共同参画局,2
男女白書,2
Personal Data,2
戦略,2
官民データ,2
保護区,2
分布モデル,2
愛知目標,2
生物多様性フットプリント,2
絶滅リスク,2
MIG-seq法,2
ベルトトランセクト調査,2
ホットスポット,2
ユビキタスジェノタイピング,2
レッドデータブック,2
森林プロット樹木図鑑,2
生態ゲノムニッチモデリング,2
適応力評価,2
SDGs達成に向けた日本への処方箋,2
ネクサス,2
二重の負荷,2
持続可能な発展指標,2
包括的富,2
幸福度,2
生物資源,2
資源制約,2
鉱物資源,2
ESD,2
リテラシーズ,2
交渉力,2
公平性,2
マルチレベル_ガバナンス,2
公的_民間資金メカニズム,2
多国間資金メカニズム,2
直接アクセス,2
科学と政策のインターフェース,2
ダウンスケーリング,2
社会経済シナリオ,2
簡易推計ツール,2
WRF ,2
ウェブアプリケーション,2
力学的ダウンスケーリング,2
地域気候予測,2
ダム湖,2
土地被覆変化,2
富栄養化現象,2
小規模水供給システム,2
島嶼部,2
水道事業体 ,2
浮遊砂,2
適応力,2
住民対応,2
斜面災害,2
洪水,2
複合災害,2
降雨パターン,2
高潮,2
CMIP,2
最終氷期,2
森林植物,2
潜在生育域,2
脆弱性,2
自然保護区,2
適応策 ,2
コメ,2
作期移動,2
果樹,2
白未熟粒,2
適地,2
野菜,2
distributed lag non-linear model,2
介入研究,2
熱関連死亡,2
脆弱集団,2
自動的適応,2
至適気温,2
行動変容,2
費用効果分析,2
アニサキス症,2
デング熱,2
ヒトスジシマカ,2
マラリア,2
日本脳炎,2
水媒介性感染症,2
節足動物媒介性感染症,2
蚊_か,2
ブナ林,2
仮想市場評価法,2
利用価値,2
旅行費用法,2
水害,2
空間的応用一般均衡モデル,2
統計的生命価値,2
非利用価値,2
市民参加 ,2
順応型管理,2
亜熱帯化,2
土砂災害,2
洪水災害,2
災害外力,2
調整可能な技術,2
順応的適応策,2
ガンジス流域,2
メコンデルタ,2
適応オプション,2
適応ネットワーク,2
適応効果指標,2
適応資金,2
モデル,2
温暖化対策数値目標,2
発展パターン,2
低炭素技術移転,2
温室効果ガス排出削減目標,2
行為主体,2
3R,2
クリティカルメタル,2
温暖化対策技術,2
紙_パルプ,2
脱物質化,2
鉄鋼材,2
インターモーダル輸送,2
バンコク,2
公共交通指向型開 発,2
地域間交 通,2
大メコン圏,2
大量輸送機関 ,2
都市交通,2
鉄道指向型経済_工業開発,2
 オゾン,2
10年トレンド,2
気候影響,2
濃度変動,2
衛星観測,2
観測モデル統合,2
"世界経済モデル
",2
削減コスト評価,2
大気汚染物質,2
技術導入モデル,2
逆推計モデル,2
アジアMERGEモデル,2
"アジアのハイレベル科学者アドホック会合
",2
アジア科学者の知的共同体,2
大気と気候に関するアジア科学パネル,2
大気汚染による早期死亡と確率的生命価値_VSL_損失,2
大気汚染に係るアジアの地域協力枠組み,2
短期寿命気候汚染物質,2
越境大気汚染に関する東アジア諸国の認識の変遷,2
Scope3,2
導入,2
リスク判断の社会的側面,2
影響評価,2
気候変動リスク,2
割引率,2
地球規模,2
対話型会合,2
確率制御,2
総合解析,2
作物生産性,2
陸域統合モデル,2
クリティカル,2
地球物理学的臨界現象,2
気候変動リスク推計,2
特性評価,2
SSP,2
多地域多部門モデル,2
後悔値最小化,2
NUSAP,2
grid and group,2
市民参加,2
権限委譲参加型テクノロジーアセスメント,2
社会的合理性,2
規範的判断,2
３つの当事者性,2
ランドスケープ,2
劣化生態系,2
地域連携,2
普通種,2
炭素保全,2
生息地保全,2
生態系管理,2
ストック指標,2
フローデータベース,2
フロー分析,2
二次資源,2
国際ストック,2
土木構造物,2
建築物,2
物質ストック,2
資源利用価値,2
キット,2
樹木多様性,2
熱帯降雨林,2
生物多様性リスク評価ツール,2
生物多様性地図,2
ハス,2
土壌病害,2
多収米,2
豚尿,2
MODIS,2
植生図,2
グループ,2
フォーカス,2
メディア研究,2
世論調査,2
科学技術の公衆理解,2
伊勢湾,2
利用強度,2
大阪湾,2
干潟藻場,2
景観多様性,2
炭素貯留,2
里海評価指標,2
難分解性炭素,2
 電源構成モデル,2
エネルギーリテラシー,2
シナリオ生成,2
下げ代制約,2
地域産業連関表,2
地域経済循環,2
未利用資源,2
消費者選好,2
選択型実験,2
アジア太平洋 ,2
フラックス推定,2
マクロフレーム,2
地域エネルギー,2
環境成長拠点,2
福島環境創生,2
空間アセスメント,2
アジア域,2
エルニーニョモドキ現象,2
オセアニア域,2
気候変動予測サービスの可能性 ,2
沿岸ニーニョ現象,2
プラスチックと金属の結合物,2
実用機,2
過熱水蒸気,2
遠心力,2
電磁誘導加熱,2
強熱減量,2
強熱温度,2
有機炭素含有量,2
災害廃棄物由来分別土,2
自然発火 ,2
アンケート ,2
死体分解に貢献する生物,2
死体分解過程,2
環境への影響,2
鳥獣保護管理法,2
アップグレード,2
リチウムイオン電池,2
レアメタルリサイクル,2
再生可能エネルギー ,2
水平リサイクル,2
水素吸蔵合金,2
水素社会,2
適正処理,2
３Ｒ,2
一般廃棄物焼却残渣,2
一軸圧縮強度,2
劣化促進試験,2
吸湿,2
地震時挙動  ,2
有害物質溶出抑制,2
減容効果,2
潮解性,2
飽和透水係数,2
処分要件,2
埋立環境,2
安定化,2
インジウム,2
固体分離材,2
新規分離材,2
都市鉱山,2
電解析出,2
ネオジム磁石,2
希土類,2
金属還元,2
エネルギー回収,2
廃棄物バイオマス,2
環境インフラ,2
土木資材,2
焼却残渣,2
環境安全性,2
ディスプロシウム,2
ネオジム,2
廃ネオジム磁石,2
浸出,2
溶出,2
熱処理,2
電気電子機器,2
スレート,2
地盤改良技術,2
地盤材料,2
バーミキュライト,2
プラスチックリサイクル,2
プレス成形 ,2
廃棄容器包装プラスチック,2
浸出液,2
貴金属 ,2
ロストストック,2
ロストストック発生抑制対策,2
人工資本ストック,2
公助,2
共助,2
南海トラフ巨大地震,2
大規模自然災害,2
自助,2
自然資本ストック,2
バイオマス利活用,2
ライフサイクル評価,2
地域環境創生 ,2
産業共生,2
IGR,2
オオクチバス,2
グリーンアノール,2
ツマアカスズメバチ,2
フイリマングース,2
フェロモン,2
ベイト,2
侵略的外来種,2
域内保全,2
植栽,2
生息地管理,2
遺伝的攪乱,2
地域住民参加 ,2
情報共有,2
遺伝解析,2
二律背反,2
住民便益,2
劣化,2
シャープシューティング ,2
地域と生物多様性保全,2
捕獲,2
湿原,2
生態系影響,2
微細藻類培養,2
持続的利用,2
沈水植物,2
湖沼生態系保全,2
発酵消化液,2
Ecosystem-based Disaster Risk Reduction,2
アジアの自然保護地域,2
ゾーニング,2
利用と保全,2
協働型管理運営,2
持続可能性指標,2
生態系を活用した防災,2
三倍体,2
全ゲノム解析,2
性転換,2
有効集団サイズ,2
生命表,2
生殖細胞移植,2
ウナギ,2
ワークベンチ,2
二ホンミツバチ,2
協働,2
情報交流 ,2
樹冠サイズ指数,2
照葉樹林,2
RAKUEN指標,2
エコツーリズム,2
オオヒキガエル,2
石垣島,2
種内競争,2
進化生態学,2
家庭内喫煙,2
糖質,2
脂肪酸,2
バイオマス燃焼,2
レボグルコサン,2
一次有機粒子,2
二次有機粒子,2
植物起源,2
三河湾,2
対策技術,2
平場,2
底生魚介類,2
浚渫窪地,2
生態系モデル解析,2
硫化物,2
航路,2
貧酸素水塊,2
青潮,2
分析技術,2
多媒体動態モデル,2
大気-海洋間交換,2
形態別連続観測,2
水銀同位体,2
粒子状水銀,2
LC,2
MS,2
セスジユスリカ,2
合成,2
環境変化体,2
甲殻類,2
精製,2
クロマルハナバチ,2
コロニー,2
トラマルハナバチ,2
ニホンミツバチ,2
ネオニコチノイド系農薬,2
分布情報,2
急性毒性,2
花粉,2
VBSモデル,2
オリゴマー,2
不均一反応,2
光化学的エイジング,2
凝縮性ダスト,2
揮発特性,2
有機エアロゾル,2
ドコサヘキサエン酸,2
出生コホート調査,2
有機リン系農薬,2
注意欠如多動性障害,2
発達指数,2
知能指数,2
胎児期ばく露,2
急性心筋梗塞,2
粒子化学組成,2
大気モニタリング ,2
成分解析,2
疫学調査,2
ADHD,2
ASD,2
SNPs,2
環境交互作用,2
神経行動発達,2
PMF解析,2
化学成分,2
喘息発作,2
微小粒子状物質,2
肺機能,2
アレルギー性結膜炎,2
免疫,2
微生物成分,2
肺のアレルギー,2
ガス状成分,2
混合モデル,2
窒素安定同位体比,2
窒素酸化物,2
粒子化,2
改善,2
2010401015610,2
3010401026805,2
4010001099333,2
5010401017488,2
6010801008375,2
8010801004050,2
9010601041061,2
1010001129530,2
1010005001594,2
1010801016399,2
1020001025217,2
2013305000538,2
3010001072803,2
3010401094447,2
3010701010715,2
3011105004428,2
3013201004245,2
3380001000405,2
4010001006660,2
4010001104613,2
4010401048922,2
4011101006162,2
4013301020174,2
5010301013243,2
5430001021352,2
6010001008655,2
6010001011147,2
6010401015821,2
6010401022487,2
6010401066253,2
6011205000092,2
6013201005380,2
7010001016830,2
7010001018703,2
7010001025724,2
7010801009991,2
7011101051544,2
7011601003251,2
7013305000491,2
7120001080238,2
8010401005011,2
8010401100258,2
8010701002641,2
8010901019948,2
9010701010939,2
 特定連鎖化事業者,2
特定事業者,2
エネルギー管理指定工場,2
外資系企業,2
変動,2
気候,2
peatland,2
rewetting,2
コミュニティ,2
二国間,2
排出削減,2
水位管理,2
稲作,2
農民,2
食糧増産,2
ＣＯ２,2
技術協力,2
競争法,2
基地局,2
電力コントロール,2
電力制御,2
ハイブリッド,2
ＪＣＭ,2
環境メキシコ,2
流通,2
シルボフィッシャリー,2
住民生活向上安定,2
保護林,2
南スマトラ州,2
森林保全,2
植林,2
沿岸保全,2
活躍,2
照明,2
計量法,2
国際規格,2
経済産業,2
産業スパイ,2
"地理
",2
鉄鋼業,2
水道ブラジル,2
多言語,2
国別報告書,2
多国籍企業,2
文書化,2
IGS,2
PE,2
PE認定,2
グループ内役務提供,2
ロイヤルティ,2
恒久的施設,2
無形資産,2
移転価格,2
親会社,2
課税,2
途上国,2
駐在員事務所,2
 産業,2
マンガ,2
翻訳,2
センサ,2
画像,2
メンテナンス,2
E-waste,2
PDCAサイクル,2
地域資源,2
経済連携協定,2
企業誘致,2
CLP,2
ラベル,2
表示,2
内分泌かく乱物質,2
国連気候変動枠組条約事務局,2
小売業,2
ＢｔｏＣ,2
ＥＣ,2
ＥＣサイト,2
ｅ-ｃｏｍｍｅｒｃｅ,2
カセットボンベ,2
ABL,2
小水力発電,2
高度交通システム,2
INDONESIA,2
インドネシア技術評価応用庁,2
ジェトロジャカルタ,2
ジャカルタ,2
ダルマプルサダ大学,2
交流,2
在インドネシア日本国大使館,2
工業省,2
支援事業,2
新興国市場開拓事業,2
日本留学経験者,2
知尼派関係者,2
知日派インドネシア人,2
知日派育成,2
親日家インドネシア人,2
ＢＰＰＴ,2
植物工場,2
CFC,2
オランダ,2
フランス,2
英国,2
安全性向上,2
安全技術開発,2
軽水炉,2
石炭火力,2
MOH,2
VSS,2
インフラシステム,2
公共,2
実証事業,2
近代化,2
おもてなし,2
山岳トンネル,2
山岳橋梁,2
道路改良,2
企業戦略,2
就職,2
留学生,2
革新的原子炉,2
2014年度,2
GLP,2
ニーズ,2
ヒアリング,2
プラットフォーム構築,2
中核拠点,2
北大阪地区,2
医工連携,2
医療機器等事業化促進,2
受託,2
国際戦略総合特区,2
大阪府立大学,2
施設,2
獣医,2
獣医臨床センター,2
総合特区,2
総合特区推進調整費,2
近畿経済産業局,2
関西,2
関西イノベーション,2
非臨床研究,2
非臨床試験,2
バーゼル法,2
プラスチック製容器包装,2
容器包装リサイクル法,2
PHV,2
駐車スペース,2
兼業,2
副業,2
クールジャパン,2
外食,2
フリーランス,2
個人事業者,2
LED,2
街路照明,2
系統安定化,2
濃度分布計測,2
衛生,2
FS,2
実現可能性調査,2
核不拡散,2
再生医療,2
バイオマス発電,2
デザイン,2
蓄積性,2
介護施設,2
研修,2
"輸出
",2
インフラ輸出,2
"起業
",2
スタートアップ,2
"スマートフォン
",2
"政策評価
",2
乗用車,2
"試験
",2
"法人税
",2
"インドネシア
",2
"性能規定化
",2
"耐震
",2
"パーソナルデータ
",2
"3M3E分析
",2
"物流
",2
"連携
",2
"電力市場
",2
"自動車
",2
"風力発電
",2
"ガイドライン
",2
"リスク
",2
PRTR制度,2
"SDS制度
",2
"放射線
",2
"適応
",2
日本酒,2
"情報開示
",2
温暖化防止活動,2
環境報告書,2
統合報告書,2
CCUS,2
"EOR
",2
"導管
",2
繊維産地,2
"二国間クレジット制度
",2
"行動変容
",2
健康寿命,2
"ナミムンバイ
",2
送配電,2
ラオス,2
"政策対話
",2
EFB,2
"パーム油工場
",2
半炭化,2
"どんぐり
",2
"重要基礎技術研究
",2
"海外総合情報
",2
ＩＴ,2
"標準化
",2
"バーゼル法
",2
非財務,2
アルミ,2
"イラン
",2
"大学
",2
APEC,2
化学兵器,2
ICT,2
シニア,2
シルバー,2
高齢社会,2
"実効性
",2
"サプライチェーン
",2
AEO,2
HSコード,2
低温物流,2
検疫,2
税関,2
日中省エネルギー,2
省エネ技術,2
"バイオマス等再生可能エネルギー研究人材育成事業
",2
"省エネルギー人材育成事業
",2
"EUデータ保護指令
",2
EUデータ保護規則,2
十分性認定,2
越境データ,2
 国際,2
 環境,2
"透明化
",2
"研究開発税制
",2
"投資
",2
"CMP
",2
"石油化学
",2
健康情報,2
"AI
",2
マッチング,2
"ID連携トラストフレームワーク
",2
新興国市場,2
"橋梁
",2
"GTCC
",2
FTA,2
"データ
",2
地下貯蔵,2
保守,2
資金調達,2
企業.研究,2
STEP,2
コンテナ,2
コンテナクレーン,2
ターミナル,2
ヤード,2
本邦技術,2
"桟橋
",2
荷役機械,2
化学,2
血液製剤,2
"血漿分画製剤
",2
水力,2
"ＩＰＰｓ
",2
"化学
",2
"再生可能エネルギー
",2
"ＩｏＴ
",2
伝統的工芸品,2
伝統的工芸品産業支援補助金,2
"振興計画
",2
自立化,2
補助申請書,2
"ビッグデータ
",2
東アフリカ,2
EBPM,2
性能規定化,2
"MRT
",2
"港湾開発
",2
トップランナー,2
"ロボット
",2
ブロックチェーン,2
ID連携,2
訪日外国人,2
"スマート化
",2
小型家電,2
カシミヤ,2
チャツァルガン,2
"モンゴル
",2
乳製品,2
品質,2
日本,2
国際協力,2
オープンイノベーション,2
"EHR
",2
創薬,2
ラストマイル自動走行,2
"空港
",2
託送,2
OIML,2
水素燃料計量システム,2
"温室効果ガス
",2
"空き店舗
",2
"インバウンド
",2
"経済性
",2
灌漑,2
"高齢化
",2
"インフルエンサー
",2
ソーシャルネットワーキングサービス,2
原発,2
震災,2
風評,2
電子レシート,2
削減,2
努力,2
リノベーション,2
担い手,2
能力評価,2
海外ファンド,2
輸出管理,2
企業法務,2
法務部,2
カナダ,2
地域中核企業,2
地域未来牽引企業,2
地方創生,2
未来投資促進法,2
化学物質審査規制法,2
対水溶解度,2
第一種特定化学物質,2
予防保全,2
事故情報,2
小形風力発電,2
目標価格,2
IR,2
二酸化炭素回収貯留,2
FRP容器,2
マイコンメータ,2
質量販売,2
集中監視システム,2
先進技術,2
日本商工会議所,2
横断的,2
環境負荷低減,2
長期地球温暖化対策,2
マクロ経済,2
就学前,2
Non-GAAP指標,2
ディスクロージャー,2
事業報告,2
企業会計,2
対話型株主総会,2
有価証券報告書,2
非財務情報,2
ファシリテーション,2
ＴＬＯ,2
データカタログ,2
ECHONET,2
WebAPI,2
スマートハウス,2
リコール,2
3M3E分析,2
化学物質リスク評価,2
サポート体制,2
保守点検,2
小規模企業,2
EdTech,2
企業間連携,2
ものづくりマザー機能,2
ものづくり中小企業,2
素形材産業,2
自動車産業,2
電動化,2
PFI,2
SPC,2
VFM,2
コンセッション,2
工業用水,2
 国際開発_援助,2
ジビエ,2
害獣,2
駆除,2
鳥獣被害,2
LLP,2
グループガバナンス,2
スマートテキスタイル,2
労働力確保,2
女性の社会進出,2
被害,2
出展,2
基本計画,2
日本館,2
IT導入,2
インバウンド,2
サイクリング,2
ツーリズム,2
富裕層,2
広域,2
拠点,2
旅行,2
空輸,2
デジタルエコノミー,2
デジタル政策,2
標準化,2
石油化学,2
プレミアムフライデー,2
GEM,2
アントレプレナー,2
アントレプレナーシップ,2
起業家精神,2
第4次産業革命,2
休廃止鉱山,2
地下水流動解析,2
坑廃水処理,2
植物利用,2
ポリエステル,2
多核種除去設備等処理水,2
統計調査データ,2
ネット販売,2
コンサルタント,2
水産,2
航測,2
企業_国際,2
国際経済,2
入札_契約情報,2
入札公告,2
発注見通し,2
競争参加資格,2
Higer education,2
認定外国製造業者,2
雇用状況,2
高年齢者,2
OD,2
流動表,2
空港,2
CSV形式_Shift-JIS,2
CSV形式_Unicode,2
XML形式_Unicode,2
アクセス件数,2
英語版webページ,2
名簿,2
有資格者,2
平成３０年特定災害関連義援金,2
テレワーク,2
探偵業,2
古物,2
質屋,2
ぐ犯少年,2
少年非行統計,2
校内暴力,2
犯罪少年,2
触法少年,2
非行少年,2
児童ポルノ,2
福祉犯,2
漏えい,2
アプリ利用,2
スマートフォン利用,2
ネット依存,2
多言語翻訳技術,2
グローバル量子暗号通信網,2
景気,1
指針,1
EEZ,1
再生可能,1
参与,1
排他的経済水域,1
離島,1
窓口,1
公務員倫理,1
特定秘密の保護,1
public_comment,1
パブリックコメント,1
企画競争,1
公募,1
競り下げ,1
意見招請,1
金融庁の１年,1
生きがい,1
たたみ,1
和食,1
絹製品,1
2020年東京オリンピックパラリンピック競技大会,1
旅費,1
鋳鋼,1
鍛鋼,1
信頼性向上,1
労働小売,1
卸売,1
商慣行,1
商習慣,1
実態,1
海外進出,1
硝子,1
跡地,1
製品備蓄,1
地理気候変動,1
技術者,1
包装,1
計量器,1
一者応札,1
価格交渉,1
カルテル企業,1
コンプライアンス,1
競争政策,1
小売りだし,1
スクリーニング,1
有害性,1
潤滑油,1
評価単位,1
女性活躍推進,1
女性活躍国際比較,1
ECA,1
LNG燃料船,1
カタール,1
セミナー,1
実演会新興国,1
政策対話,1
モーターヒートポンプ,1
加温,1
加熱装置,1
工業炉,1
給湯器,1
水質,1
SVOC,1
暴露評価,1
消費者製品,1
経皮吸収,1
経皮曝露,1
動脈,1
動静脈,1
資源_鉛,1
静脈,1
非鉄金属,1
ガラスびん,1
丸正マーク,1
特殊容器,1
排出量削減ポテンシャル,1
オンラインサービス,1
データ利活用,1
同意取得手続,1
消費者との意思確認,1
評価基準,1
諸外国の検討状況,1
 モデル分析,1
 再生可能エネルギー,1
 省エネルギー,1
二輪車,1
技術流出,1
オープンクローズ戦略,1
不正競争防止法,1
営業秘密侵害,1
営業秘密侵害物品,1
実体法,1
水際措置,1
顧客名簿,1
 企業高度人材,1
支援性ガス,1
爆発,1
民間団体,1
よい流れ作り,1
インストラクター事業,1
カイゼン,1
製造収益改善,1
HMD,1
聴覚障害,1
視覚障害,1
音声電子透かし,1
マスターファイル,1
ローカルファイル,1
産業国際租税,1
移転価格税制,1
行動13,1
ICMs,1
出向者,1
出張者,1
外国契約者税,1
送金,1
駐在員,1
総務省,1
 スポーツ,1
 研究,1
 社会,1
サイマル,1
電子出版,1
電子配信,1
マルチステークホルダープロセス,1
BVLOS,1
C4I,1
ICARUS,1
IRS,1
NIST,1
SAR,1
UAS,1
UAV,1
UGV,1
USAR,1
USV,1
UUV,1
VLOS,1
がれき,1
センシング,1
テストフィールド,1
マルチコプタ,1
モックアップ,1
国際国土,1
自律,1
認定,1
遠隔操縦,1
PFI事業,1
公共施設等運営権方式,1
中心市街地活性化,1
中活,1
中活法,1
町づくり,1
街づくり,1
海外販路開拓,1
織物,1
需要,1
成型,1
炭素繊維,1
複合材料,1
ケース分析,1
仕組み,1
外部資源,1
統計解析,1
Nadcap,1
国際認証,1
ＬＬＰ,1
ＬＰＳ,1
クラクター,1
中核企業,1
人口減少,1
企業立地,1
工場立地,1
産業実績,1
産業高度化,1
消費者用調剤製品,1
撤退,1
Ｃｒｏｓｓ-Ｂｏｒｄｅｒ ｅＣｏｍｍｅｒｃｅ,1
ＥＵ,1
売電,1
電力事業,1
電力自由化,1
マネジメント,1
動向,1
エンドクリン,1
ナノ,1
マテリアルフロー,1
欧米,1
ＯＥＣＤ,1
ＷＰＭＮ,1
可動性,1
ＡＰＥＣ,1
高圧一括受電サービス,1
クレジットカード,1
BOP,1
BOPビジネス,1
インクルーシブビジネス,1
救済,1
キャラクター,1
物販,1
著作権,1
GCM,1
キャッシュマネジメント,1
動産担保,1
Ｊ-クレジット制度,1
英語版,1
プログラム型,1
排出権取引,1
フードバリューチェーン,1
ホーチミン,1
日本式農業,1
産業活性化,1
エコ,1
ロシア,1
極東,1
フォローアップ,1
水道情報,1
CFC税制,1
オーストラリア,1
ルーリング,1
事前ルーリング制度,1
事前照会,1
事前照会制度,1
加算税,1
協力的なタックスコンプライアンス,1
各国比較,1
合算対象所得,1
国外財産調査制度,1
外国子会社合算税制,1
整備,1
早期開示義務,1
有識者,1
法的拘束力,1
租税回避スキーム,1
税務リスク,1
税務当局,1
納税,1
納税者,1
行動計画12,1
行動計画3,1
規定上明確になっていない,1
ワークスタイル,1
きもの,1
水道インド,1
淡水化,1
円借款事業,1
コンソーシアム,1
吸収合併,1
機能性化学,1
機能性材料,1
機能性素材,1
科学技術政策,1
石炭需給,1
石炭火力発電,1
先物取引,1
先物市場,1
OSS,1
オープンソースソフトウェア,1
クラウドコンピューティング,1
ヘッジ取引,1
インターンシップ,1
CSV,1
持続的成長,1
ターンシップ,1
円借欺事業,1
交通システム,1
高度,1
環境化学兵器,1
ID連携トラストフレームワーク,1
Ruby,1
事業化推進,1
海外総合情報,1
重要基礎技術研究,1
事業化,1
触媒,1
アルミニウム,1
情報処理,1
電気バス,1
方法論二国間クレジット,1
インフラ制度,1
加工食品,1
化粧品,1
Webアプリケーション,1
脆弱性診断,1
医薬品医療機器法,1
ベンチャーキャピタル,1
大学発ベンチャー,1
省エネルギー人材育成事業,1
新エネルギー人材育成事業,1
バイオマス等再生可能エネルギー研究人材育成事業,1
所得,1
BCM,1
エクササイズ強靭性,1
事業継続マネジメント,1
事業継続対応,1
事業継続対応能力,1
事業継続計画,1
初動対応,1
初動対応能力,1
危機対応能力,1
演習,1
導管,1
イメージング,1
ガス水素,1
ラマン,1
置換,1
アセアン,1
産地,1
信用情報,1
インバーターエアコン,1
核セキュリティ,1
廃炉,1
最終処分,1
転嫁対策,1
エネルギーガス,1
スマートメータシステム,1
デジタルプロダクト,1
ローカルベンチマーク,1
石炭灰,1
再生医療周辺産業,1
原料,1
SS過疎,1
SS過疎市町村,1
サービスステーション,1
過疎,1
ＳＳ,1
メトロ,1
RESAS,1
地域経済分析システム,1
日中協力,1
G産業,1
代謝,1
"動物実験代替法
",1
カウンターパート,1
モデルプロジェクト,1
レンタル,1
上海市,1
介護人材,1
介護保険,1
介護保険制度,1
介護産業,1
北京市,1
浦東新区,1
海淀区,1
福祉政策,1
福祉機器,1
福祉産業,1
福祉用具,1
規模,1
親情介護,1
親情消費,1
課題,1
貸与,1
"BOPビジネス
",1
"経済
",1
"創業支援
",1
"アクセラレータ
",1
起業家,1
アクセラレーションプログラム,1
"エコシステム
",1
"一般化学物質
",1
マイクログリッド,1
ソーシャルメディア,1
" 人材育成
",1
乗車用ヘルメット,1
乳幼児用ベッド,1
圧力なべ,1
"浴槽用温水循環器
",1
登山用ロープ,1
"発電設備
",1
"ビッグデータ解析
",1
保安規制,1
点検技術,1
電気設備,1
"家庭部門エネルギー消費量
",1
"OIML
",1
EMV,1
IC,1
"PCIDSS
",1
セキュリティ.クレジットカード,1
下水,1
"サービス
",1
"地方
",1
外国企業誘致,1
対内投資,1
対内直接投資,1
インバリアント分析,1
支燃性ガス,1
アクワイアリング,1
イシュイング,1
インタチェンジフィー,1
デビット,1
国際ブランド,1
"消費者保護
",1
保安距離,1
"土提
",1
法規制,1
海外調査,1
火工品,1
火薬庫,1
火薬類取締法,1
適用除外,1
"インフラ輸出
",1
PHEV,1
水素ステーション,1
水電解,1
室内,1
"ルール形成
",1
日本語字幕付き日本映画,1
音声ガイド付き日本映画,1
"熱利用
",1
ブランディング,1
伝統産業,1
和紙,1
後継者育成,1
"海外展開
",1
ITベンチャー,1
"スタートアップ
",1
"テクノロジー
",1
低生産量,1
少量新規,1
"管理
",1
CFD,1
"FLUENT
",1
ラマン分光,1
レーザ,1
配管内,1
"デザイナーズブランド
",1
"特定認証業務
",1
電子署名,1
指定製造,1
"薬機法
",1
1クラスSVM,1
テキスト構造化,1
ヒヤリハット報告,1
プロセスデータ,1
ベイジアンネットワーク,1
マハラノビス距離,1
モデル予測制御,1
因果ループ図,1
外れ値検出,1
確率推論,1
系列ラベリング,1
連想検索,1
関数近似,1
亜鉛めっき鋼管,1
灯外内管,1
"価格形成
",1
"健康寿命
",1
グレーゾーン,1
"ヘルスツーリズム
",1
企業情報開示,1
投資家,1
"株主総会
",1
仮想通貨,1
"分散
",1
暗号,1
通貨,1
"輸出管理
",1
"IT投資
",1
情報技術,1
CTRM,1
EMS,1
ETRM,1
SCADA,1
市場リスク,1
発送電分離,1
"系統監視
",1
自由化,1
送電,1
配電,1
需給制御,1
知的資産,1
知的資産経営,1
"統合報告
",1
フィットネス,1
ブルネイ,1
優先順位,1
理容,1
美容,1
"産業基盤技術の維持_発展
",1
"ITS
",1
"電力系統
",1
"アセットマネジメント
",1
電力系統,1
"分散型エネルギー
",1
"人材
",1
就業構造,1
産業構造,1
ＡＩ,1
"消費者用調剤製品
",1
ErP指令,1
"不正競争防止法
",1
"スマートハウス
",1
"高齢者
",1
グローバルキャッシュマネジメント,1
"リスクファイナンス
",1
リスクマネジメント,1
財務予測,1
財務戦略,1
ＧＣＭ,1
投資戦略,1
持続可能な成長,1
"無形資産
",1
統合報告,1
長期投資,1
"ベトナム
",1
"スクラップ
",1
電炉ダスト,1
マテリアル,1
"女性
",1
"GCF
",1
気候資金,1
緑の気候基金,1
"中国経済
",1
"機能性繊維
",1
ＡＳＥＡＮ,1
"企業立地
",1
"エネルギー消費
",1
"鉄道
",1
インフラ投資,1
"インフラ開発
",1
ドロス,1
"伝統的工芸品
",1
"電磁界
",1
"分散型
",1
"規格
",1
"FinTech
",1
"化審法
",1
SS,1
ガソリンスタンド,1
"経営
",1
医療国際化,1
医療国際展開,1
"植物
",1
鉱害,1
"DMO
",1
"節電
",1
CCRC,1
"健康情報
",1
"模倣品
",1
APA,1
CbCレポート,1
アイルランド,1
タックスヘイブン,1
ハイブリッドミスマッチ,1
パテントボックス,1
プロモーター,1
ロケーションセービング,1
利子控除,1
多数国間協定,1
所得相応性基準,1
有害税制,1
相互協議,1
租税条約,1
義務的開示,1
電子経済,1
"慣行
",1
"介護
",1
FEMS,1
"エネルギー管理システム
",1
"事業化
",1
"ネットワーク
",1
"活躍
",1
"ワークライフバランス
",1
"デジタルエコノミー
",1
デジタルトレード,1
支援策,1
集積,1
"雇用者数
",1
なでしこ銘柄,1
プレなでしこ,1
"女性活躍
",1
排気量,1
新興アジア,1
環境規制,1
クラスター,1
"農業
",1
"中国
",1
アメリカ,1
国際展開,1
セカンドキャリア,1
ビンテージ,1
ライフデザイン,1
"リビングラボ
",1
サーキュラーエコノミー,1
シェアリングエコノミー,1
バイオエコノミー,1
動脈産業,1
静脈産業,1
３R,1
"ブルネイ
",1
ラベリング,1
制度調和,1
多国間,1
"環境総合フォーラム
",1
"廃棄物
",1
"事例の国際トップテンリスト作成普及
",1
"新エネルギー人材育成事業
",1
"科学技術政策
",1
"低炭素社会実行計画
",1
自主的取組,1
"自主的取組
",1
"サイバーセキュリティ対策
",1
交通事故,1
"皮革
",1
イラン,1
"国際基準調和
",1
排ガス規制,1
車両基準,1
"CO2
",1
" トップランナー制度
",1
タックスヘイブン対策税制,1
JI,1
"市場メカニズム
",1
原子力技術,1
原子力産業 ,1
"社会受容性
",1
ライトフィード化,1
M2M,1
プライバシー,1
"国際標準化
",1
"貿易保険
",1
"小売業
",1
越境ＥＣ,1
Ｃｒｏｓｓ-ＢｏｒｄｅｒｅＣｏｍｍｅｒｃｅ,1
"普及啓発
",1
"化管法
",1
"プライバシー
",1
"パイプライン
",1
ビックデータ,1
"ビジネスモデル
",1
"理工系
",1
貿易救済措置,1
"関税
",1
"電力小売自由化
",1
"固定資産税
",1
法人税,1
マイナンバー制度,1
"本人確認
",1
法人ポータル,1
METI,1
ガバメント,1
"共通語彙基盤
",1
"事業化推進
",1
"賃金
",1
コスト転嫁,1
"価格交渉
",1
価格転嫁,1
"容器包装リサイクル法
",1
テキスト,1
"大会を通じた新しい日本の創造
",1
漫画,1
電子書籍,1
静止画,1
"水再生循環システム
",1
"下請
",1
共同,1
"開発
",1
"人材システム
",1
コミュニケーション,1
"ステークホルダー
",1
パブリックコンサルテーション,1
"少子化
",1
インターンシップ推進,1
"キャリア教育
",1
"製品含有化学物質
",1
"EPA
",1
企業_産業,1
"テレワーク
",1
国家戦略特別区域,1
"ケニア
",1
自動車整備,1
車検,1
インフラデットファンド,1
"証券化
",1
"ローカルベンチマーク
",1
"人工光型植物工場
",1
"直接埋設
",1
"電技国際化
",1
"刑事手続
",1
刑罰制度,1
"欧州
",1
"RCM
",1
信頼性重視保全,1
"鉱山保安マネジメントシステム
",1
アニメーション,1
メディアコンテンツ,1
実写,1
"映像
",1
"eスポーツ
",1
オンラインゲーム,1
スマートフォンゲーム,1
"太陽光発電
",1
水力発電設備,1
汽力発電設備,1
"福島
",1
ゴム,1
樹脂,1
関税,1
"リスク評価
",1
"流通事業者
",1
育成,1
HEMS,1
住生活サービス,1
"住生活ビッグデータ
",1
分解度試験,1
"分解性
",1
"305
",1
"高分子フロースキーム試験
",1
高分子化合物,1
"インドネシアにおける省エネルギー_再生可能エネルギー政策分析調査
",1
"クリエイティブ
",1
ＳＮＳ,1
関東経済産業局,1
"グローバル
",1
"交通機関
",1
宿泊業,1
有給休暇,1
観光需要平準化,1
"自動車型式認証
",1
"IoT技術
",1
社会インフラ,1
"セキュリティ
",1
データ流通,1
"インフラ
",1
地熱,1
暑熱対策,1
"遮熱塗料
",1
TOCOM,1
先物取引所,1
商品先物,1
欧州電力取引所,1
海外電力取引所,1
金融デリバティブ,1
金融先物,1
電力先物,1
電力現物,1
"電力自由化
",1
" 対話
",1
 株主総会,1
 経理財務,1
"エネルギー消費実態
",1
業務部門,1
"イノベーション
",1
将来像,1
消費,1
"新ガス小売事業者
",1
ガス管,1
"土壌
",1
"国際エネルギースタープログラム
",1
G安全,1
"最新デジタルシステム
",1
ＩｏＴ,1
"MeetUP
",1
"ESG
",1
多様性,1
"保育
",1
エビデンスに基づく政策立案,1
"自己適合証明
",1
電気用品の大括り化,1
テレマティクス,1
車両,1
"アパレル
",1
取引条件,1
縫製,1
ベトナム国,1
ホーチミン市,1
HoChiMInCity,1
Vietnam,1
"ベンチャーキャピタル
",1
"熱損失防止建築材料
",1
"内部評価
",1
"効率化
",1
動作情報,1
製品事故,1
"ITプラットフォーム
",1
デザイナーズブランド,1
"燃料電池
",1
"衛星測位
",1
TV番組,1
"マンガ
",1
商慣習,1
資金調達手法,1
 短鎖塩素化パラフィン及び短鎖塩素化パラフィンが含まれる中鎖塩素化パラフィン,1
デカブロモジフェニルエーテル,1
企業_研究,1
ストレージパリティ,1
"ソーラーシンギュラリティ
",1
"ＬＰガス
",1
"国際博覧会
",1
"働き方改革
",1
"サウジアラビア
",1
中東,1
"システム
",1
"blockchain
",1
"アニメ
",1
動態調査,1
"第4次産業革命
",1
 ID連携,1
" PDS
",1
Data warehouse,1
VRM,1
データ標準化,1
データ連携,1
ストレスフリー,1
予報,1
生体指紋認証,1
"おもてなしプラットフォーム
",1
"官民ファンド
",1
"税制
",1
組織再編,1
経営統合,1
"公共調達
",1
社会的事業,1
社会的利益,1
小売事業者表示制度,1
統一省エネラベル,1
"整合規格
",1
"AR
",1
VR,1
取締役会,1
報酬委員会,1
指名委員会,1
相談役,1
"社外取締役
",1
顧問,1
"炭素市場プラットフォーム
",1
バルクリース,1
"省エネルギー投資
",1
ロジスティクス,1
ワークショップ,1
"事例紹介
",1
"デジタルガバメント
",1
電子政府,1
法人インフォメーション,1
"法人番号
",1
"オープンデータ
",1
保温材下腐食,1
炭素鋼,1
"配管
",1
高経年化,1
トラストフレームワーク,1
リポジトリ,1
日中省エネルギー_環境総合フォーラム,1
SEZ,1
"SKIL
",1
ナビムンバイ,1
マハラシュトラ,1
経済特別区,1
都市開発,1
"省エネ技術
",1
"国際交渉
",1
アグリゲーションビジネス,1
"目標価格
",1
"データ流通プラットフォーム
",1
データ流通市場,1
国家プロジェクト,1
"REACH
",1
RoHS,1
製品含有,1
"雇用
",1
"マネジメントシステム
",1
企業_経済,1
エネルギー ,1
"交通事故データ
",1
"自動運転
",1
"相双地域
",1
被災12市町村,1
6次化,1
"復興
",1
"法的分離
",1
行為規制,1
ISO18263,1
再商品化可能量,1
"品質水準
",1
"サービスデザイン
",1
デジタルファースト,1
電子行政,1
"水素ステーション
",1
水素ディスペンサー,1
水素燃料,1
"地域
",1
イスラエル,1
イノベ-ション,1
"オ-プンイノベ-ション
",1
スタ-トアップ,1
テクノロジ-,1
ベンチャ-,1
エンジェル税制,1
"ベンチャー投資促進税制
",1
"技術動向調査
",1
"部品
",1
バイク,1
"提携
",1
セーフティーネット,1
"クリーンプロジェクト
",1
クリーン技術,1
クリーンエネルギー,1
"ファイナンス
",1
"官公需
",1
Gエネルギー,1
"長期使用製品
",1
"リチウムイオンバッテリー
",1
国境貿易,1
貿易円滑化,1
"コジェネレーション
",1
サハ共和国,1
ロシア連邦,1
"貯留
",1
"官民連携
",1
"コスト
",1
東アジア,1
ウズベキスタン,1
"天然ガス
",1
"ＡＳＥＡＮ
",1
"採用
",1
"スマートホーム
",1
"スマートメータ
",1
"FCV
",1
技術基準解説,1
"運用マニュアル
",1
"審査業務
",1
想定外事象,1
"規制
",1
"爆発限界
",1
"逐条解説
",1
"適用除外
",1
"プライバシーポリシーマネージャ
",1
ＰＰＭ,1
EPC,1
"流通
",1
電子タグ,1
"植物利用
",1
スタジアム,1
水インフラ,1
下請取引,1
準天頂衛星,1
PSアワード,1
表彰,1
偽造品,1
商標侵害,1
直接埋設,1
太陽電池設備,1
 スタートアップ,1
 国際カンファレンス,1
フェデレーション,1
法人認証,1
認証基盤,1
新認定事業者制度に係る調査,1
特定設備検査規則,1
設計係数,1
DCS,1
サイバーセキュリティ,1
サイバーテロ,1
サイバー攻撃,1
冷凍,1
制御系,1
情報系,1
水素スタンド,1
燃料電池車,1
産業ガス,1
製造事業所,1
遠隔操作,1
遠隔監視,1
義務履行,1
バイオ,1
耐震,1
容器再検査,1
超音波探傷試験,1
作動媒体,1
混合冷媒,1
QSAR,1
濃縮性,1
遺伝子発現解析,1
動物実験代替法,1
大気,1
OECDテストガイドライン,1
予測法,1
発がん性,1
点検,1
市町エネ事業,1
廃棄,1
施工,1
福井県,1
解体撤去,1
運営,1
Fintech,1
SCCC,1
フィンテック,1
ロカベン,1
シェールオイル,1
リチウム,1
ウレタンフォーム,1
FinTech,1
BPR,1
IT化,1
外部委託,1
業務改善,1
型式区分,1
検査方式,1
創業,1
創業支援,1
細胞治療,1
遺伝子治療,1
BtoC,1
ECサイト,1
システム輸出,1
CE,1
RE,1
circular-economy,1
resource-efficiency,1
ヨーロッパ,1
サステナビリティ,1
ベンチャー企業,1
政府支援措置,1
特定保健指導,1
管理栄養士,1
遠隔指導,1
重症化予防,1
健康投資,1
国際交渉,1
環境総合フォーラム,1
労働生産性,1
働き方改革,1
契約.,1
企業集積,1
外部人材,1
高パフォーマンス,1
データ分析,1
ベンチマーク,1
ヤードスティック,1
レベニューキャップ,1
分散型エネルギー資源,1
送配電ネットワークシステム,1
送配電制度,1
産業用地,1
中国の経済,1
貿易投資,1
 研究開発税制,1
省エネルギー基準,1
交通事故データ,1
自動車部品産業構造,1
技術指針,1
ファッションテック,1
リース,1
容器包装リサイクル,1
スマートコネクテッドカー,1
スマート物流,1
スマート製造,1
タービン,1
ロジック,1
一帯一路,1
中国製造,1
半導体,1
戦略的新興産業,1
集積回路,1
カーボンプライス,1
投資規制,1
化学物質排出把握管理促進法,1
戦略的基盤技術,1
電技国際化,1
ひとづくり,1
アクティブラーニング,1
映像,1
プラント,1
保障措置,1
博覧会,1
広報戦略,1
宮城,1
岩手,1
東北,1
プラスチック成型,1
専門家派遣,1
現地調達,1
裾野産業,1
エネスタ,1
省エネ型製品情報サイト,1
エコドライブ,1
報告徴収,1
 ITMOs,1
 パリ協定,1
CMP,1
メタンハイドレート,1
事業展開,1
マイクロ水力発電,1
発電所,1
生産性,1
再生可能エネルギー熱,1
中小水力,1
インダストリー4.0,1
コネクテッドインダストリー,1
セキュリティ要件,1
日独連携,1
空飛ぶクルマ,1
シェアリングエコノミー_データ寡占_データポータビリティ_仲介者責任,1
商取,1
 人材育成,1
安全文化,1
組織文化,1
試験,1
農林水産業,1
国際資源,1
浜松市,1
浜松新電力,1
 法律,1
無人運転,1
遠隔常時監視制御,1
行政産業,1
 商取引,1
 統計,1
 財政,1
エネルギー.環境,1
国際開発_援助産業,1
郵便,1
企業情報,1
グローバルニッチトップ,1
形材,1
"ｾｷｭﾘﾃｨ
",1
環境資源,1
 製造,1
 通信,1
遠隔常時監視,1
鉱物,1
会社_情報,1
産業企業_会社情報,1
リチウムイオン蓄電池,1
物品_役務等,1
生涯学習,1
科学技術人材育成,1
共用,1
研究設備,1
コンピュータ,1
大学図書館,1
障害福祉サービス等,1
厚生労働科学研究費補助金,1
待遇改善,1
雇用安定,1
 安心につながる社会保障,1
高齢,1
タクシー,1
ハイヤー,1
バス,1
輸送割合,1
JR,1
交通営団,1
公営,1
国鉄,1
地方交通,1
大手民鉄,1
東京地下鉄,1
新幹線,1
地域活性化予備費,1
経済危機対応,1
地質,1
電子基準点,1
207生活圏,1
交通サービス水準,1
代表交通機関,1
純流動,1
シームレス,1
ナビゲーション,1
位置情報サービス,1
屋内測位,1
移動支援,1
交通機関,1
周遊ルート,1
VLBI,1
干渉SAR,1
座標補正,1
標高補正,1
上下変動,1
地盤沈下,1
水準点,1
測地系,1
国家座標,1
高精度測位,1
政府調達,1
市場化テスト,1
予算額,1
検索,1
継続費,1
繰越明許費,1
朝鮮総督府特別会計等歳入歳出決算,1
公表件数,1
指定件数,1
ダウンロード件数,1
Web-APIリクエスト件数,1
海外安全情報,1
予定価格,1
等級区分,1
区分所有建物,1
平成３０年北海道胆振東部地震,1
盗難,1
除権決定,1
令和元年台風１９号,1
令和元年台風第１５号,1
令和元年台風第２１号,1
令和元年８月２６日から同月２９日までの間の豪雨,1
災害関連義援金,1
コロナウイルス,1
差押,1
給付金,1
FAQ,1
はんこ,1
出社,1
印鑑,1
押印,1
真正,1
証拠,1
２２８条４項,1
義援金,1
子供女性,1
ストーカー,1
私事性的画像被害,1
配偶者暴力,1
警備業,1
水難,1
児童虐待,1
 CPEA,1
 5G,1
IT人材,1
通信ネットワーク,1
次世代デバイス,1
量子暗号通信,1
